# Blender v2.77 (sub 0) OBJ File: ''
# www.blender.org
mtllib Pawprint isle.mtl
o n5b6
v -19.450331 0.439997 20.550680
v -19.250801 0.439997 20.460791
v -19.326111 0.439997 20.411251
v -19.427582 0.439997 20.615639
v -19.326111 0.439997 20.411251
v -19.176741 0.439997 20.214760
v -19.263559 0.439997 20.208771
v -19.250801 0.439997 20.460791
v -19.176741 0.439997 20.214760
v -19.281422 0.439997 20.018709
v -19.263559 0.439997 20.208771
v -19.227482 0.439997 19.983559
v -19.281422 0.439997 20.018709
v -19.429850 0.439997 19.828291
v -19.452831 0.439997 19.890591
v -19.227482 0.439997 19.983559
v -19.452831 0.439997 19.890591
v -19.681959 0.439997 19.826422
v -19.663771 0.439997 19.888620
v -19.429850 0.439997 19.828291
v -19.681959 0.439997 19.826422
v -19.834110 0.439997 20.016361
v -19.663771 0.439997 19.888620
v -19.892220 0.439997 19.976870
v -19.892220 0.439997 19.976870
v -19.902010 0.439997 20.219181
v -19.834110 0.439997 20.016361
v -19.975540 0.439997 20.220411
v -19.975540 0.439997 20.220411
v -19.835690 0.439997 20.426220
v -19.902010 0.439997 20.219181
v -19.895870 0.439997 20.470631
v -19.895870 0.439997 20.470631
v -19.668390 0.439997 20.548992
v -19.835690 0.439997 20.426220
v -19.684271 0.439997 20.616779
v -19.684271 0.439997 20.616779
v -19.450331 0.439997 20.550680
v -19.668390 0.439997 20.548992
v -19.427582 0.439997 20.615639
v -19.404791 0.439997 19.765982
v -19.167501 0.439997 19.944630
v -19.700151 0.439997 19.764219
v -19.404791 0.439997 19.765982
v -19.700151 0.439997 19.764219
v -19.948130 0.439997 19.940203
v -19.948130 0.439997 19.940203
v -20.042982 0.439997 20.220751
v -20.042982 0.439997 20.220751
v -19.948639 0.439997 20.512171
v -19.948639 0.439997 20.512171
v -19.700151 0.439997 20.684559
v -19.700151 0.439997 20.684559
v -19.403389 0.439997 20.681831
v -19.403389 0.439997 20.681831
v -19.169231 0.439997 20.510710
v -19.085211 0.439997 20.220751
v -19.169231 0.439997 20.510710
v -19.167501 0.439997 19.944630
v -19.085211 0.439997 20.220751
vt 1.0000 0.0000
vt 0.0000 1.0000
vt 0.0000 0.0000
vt 1.0000 1.0000
vt 1.0000 0.0000
vt 0.0000 1.0000
vt 0.0000 0.0000
vt 1.0000 1.0000
vt 1.0000 1.0000
vt 0.0000 0.0000
vt 1.0000 0.0000
vt 0.0000 1.0000
vt 1.0000 0.0000
vt 0.0000 1.0000
vt 0.0000 0.0000
vt 1.0000 1.0000
vt 1.0000 0.0000
vt 0.0000 1.0000
vt 0.0000 0.0000
vt 1.0000 1.0000
vt 1.0000 1.0000
vt 0.0000 0.0000
vt 1.0000 0.0000
vt 0.0000 1.0000
vt 1.0000 1.0000
vt 0.0000 0.0000
vt 1.0000 0.0000
vt 0.0000 1.0000
vt 1.0000 1.0000
vt 0.0000 0.0000
vt 1.0000 0.0000
vt 0.0000 1.0000
vt 1.0000 1.0000
vt 0.0000 0.0000
vt 1.0000 0.0000
vt 0.0000 1.0000
vt 1.0000 1.0000
vt 0.0000 0.0000
vt 1.0000 0.0000
vt 0.0000 1.0000
vt 1.0000 0.0000
vt 0.0000 0.0000
vt 1.0000 0.0000
vt 0.0000 0.0000
vt 0.0000 0.0000
vt 1.0000 0.0000
vt 0.0000 0.0000
vt 1.0000 0.0000
vt 0.0000 0.0000
vt 1.0000 0.0000
vt 0.0000 0.0000
vt 1.0000 0.0000
vt 0.0000 0.0000
vt 1.0000 0.0000
vt 0.0000 0.0000
vt 1.0000 0.0000
vt 1.0000 0.0000
vt 0.0000 0.0000
vt 1.0000 0.0000
vt 0.0000 0.0000
vn 0.0000 1.0000 0.0000
usemtl m4
s 1
f 1/1/1 2/2/1 3/3/1
f 2/2/1 1/1/1 4/4/1
f 5/5/1 6/6/1 7/7/1
f 6/6/1 5/5/1 8/8/1
f 9/9/1 10/10/1 11/11/1
f 10/10/1 9/9/1 12/12/1
f 13/13/1 14/14/1 15/15/1
f 14/14/1 13/13/1 16/16/1
f 17/17/1 18/18/1 19/19/1
f 18/18/1 17/17/1 20/20/1
f 21/21/1 22/22/1 23/23/1
f 22/22/1 21/21/1 24/24/1
f 25/25/1 26/26/1 27/27/1
f 26/26/1 25/25/1 28/28/1
f 29/29/1 30/30/1 31/31/1
f 30/30/1 29/29/1 32/32/1
f 33/33/1 34/34/1 35/35/1
f 34/34/1 33/33/1 36/36/1
f 37/37/1 38/38/1 39/39/1
f 38/38/1 37/37/1 40/40/1
f 12/12/1 41/41/1 20/20/1
f 41/41/1 12/12/1 42/42/1
f 14/14/1 43/43/1 21/21/1
f 43/43/1 14/14/1 44/44/1
f 45/45/1 25/25/1 18/18/1
f 25/25/1 45/45/1 46/46/1
f 47/47/1 29/29/1 24/24/1
f 48/48/1 29/29/1 47/47/1
f 49/49/1 33/33/1 28/28/1
f 33/33/1 49/49/1 50/50/1
f 51/51/1 37/37/1 32/32/1
f 37/37/1 51/51/1 52/52/1
f 53/53/1 4/4/1 36/36/1
f 4/4/1 53/53/1 54/54/1
f 55/55/1 8/8/1 40/40/1
f 8/8/1 55/55/1 56/56/1
f 2/2/1 57/57/1 9/9/1
f 57/57/1 2/2/1 58/58/1
f 6/6/1 59/59/1 16/16/1
f 59/59/1 6/6/1 60/60/1
o n0b0
v -19.667702 0.501317 19.870621
v -19.853821 0.442118 20.002550
v -19.670469 0.442118 19.867691
v -19.850901 0.501317 20.005081
v -19.668242 0.545109 19.871752
v -19.850380 0.545109 20.009151
v -19.648830 0.632846 19.935120
v -19.797161 0.632846 20.044220
v -19.731531 0.702474 20.092501
v -19.853821 0.632846 20.220751
v -19.772690 0.702474 20.220751
v -19.797161 0.632846 20.397280
v -19.731531 0.702474 20.349010
v -19.648830 0.632846 20.506390
v -19.623760 0.702474 20.428280
v -19.490549 0.702474 20.428280
v -19.592171 0.747178 20.329851
v -19.522141 0.747178 20.329851
v -19.557161 0.762583 20.220751
v -19.465481 0.747178 20.288181
v -19.443840 0.747178 20.220751
v -19.341619 0.702474 20.220751
v -19.465481 0.747178 20.153322
v -19.382780 0.702474 20.092501
v -19.522141 0.747178 20.111650
v -19.490549 0.702474 20.013231
v -19.623760 0.702474 20.013231
v -19.648830 0.632846 19.935120
v -19.669661 0.663863 19.874990
v -19.424011 0.563752 19.810289
v -19.690681 0.563752 19.810289
v -19.445030 0.663863 19.874990
v -19.638941 0.743313 19.969521
v -19.475740 0.743313 19.969521
v -19.600241 0.794324 20.088631
v -19.514441 0.794324 20.088631
v -19.557341 0.811901 20.220661
v -19.445030 0.794324 20.139059
v -19.418510 0.794324 20.220661
v -19.293270 0.743313 20.220661
v -19.445030 0.794324 20.302261
v -19.343710 0.743313 20.375879
v -19.514441 0.794324 20.352690
v -19.475740 0.743313 20.471802
v -19.600241 0.794324 20.352690
v -19.638941 0.743313 20.471802
v -19.669661 0.794324 20.302261
v -19.770981 0.743313 20.375879
v -19.696171 0.794324 20.220661
v -19.821411 0.743313 20.220661
v -19.669661 0.794324 20.139059
v -19.770981 0.743313 20.065451
v -19.600241 0.794324 20.088631
v -19.638941 0.743313 19.969521
v -19.343710 0.743313 20.065451
v -19.193890 0.663863 20.220661
v -19.263302 0.663863 20.434301
v -19.445030 0.663863 20.566332
v -19.669661 0.663863 20.566332
v -19.851389 0.663863 20.434301
v -19.920801 0.663863 20.220661
v -19.851389 0.663863 20.007021
v -19.669661 0.663863 19.874990
v -19.852631 0.501317 20.435209
v -19.670469 0.442118 20.573822
v -19.853821 0.442118 20.438959
v -19.667702 0.501317 20.569550
v -19.664921 0.545109 20.568302
v -19.444969 0.545109 20.568380
v -19.465481 0.632846 20.506390
v -19.317152 0.632846 20.397280
v -19.382780 0.702474 20.349010
v -19.260490 0.632846 20.220751
v -19.317152 0.632846 20.044220
v -19.465481 0.632846 19.935120
v -19.920351 0.501317 20.220751
v -19.923851 0.442118 20.220751
v -19.850431 0.545109 20.435101
v -19.443840 0.442118 20.573822
v -19.446609 0.501317 20.571941
v -19.309992 0.545081 20.426031
v -19.311001 0.591051 20.423651
v -19.277451 0.590287 20.305262
v -19.668242 0.545109 19.871752
v -19.445389 0.545109 19.871262
v -19.667702 0.501317 19.870621
v -19.442652 0.501317 19.870451
v -19.670469 0.442118 19.867691
v -19.443840 0.442118 19.867691
v -19.261982 0.540727 20.003460
v -19.262501 0.501317 20.007889
v -19.260490 0.442118 20.002550
v -19.918619 0.545109 20.220751
v -19.208271 0.563752 19.967039
v -19.263302 0.663863 20.007021
v -19.906422 0.563752 19.967039
v -19.690681 0.563752 19.810289
v -19.988831 0.563752 20.220661
v -19.906422 0.563752 20.474279
v -19.648830 0.747178 20.153322
v -19.592171 0.747178 20.111650
v -19.670469 0.747178 20.220751
v -19.648830 0.747178 20.288181
v -19.246090 0.592212 20.210371
v -19.240959 0.545081 20.207510
v -19.309992 0.442118 20.426031
v -19.309992 0.498354 20.426031
v -19.288752 0.498354 20.358789
v -19.275030 0.507484 20.315371
v -19.240959 0.442118 20.207510
v -19.240959 0.498354 20.207510
v -19.261309 0.442118 20.271940
v -19.261309 0.498354 20.271940
v -19.592171 0.747178 20.111650
v -19.648830 0.747178 20.153322
v -19.623760 0.702474 20.013231
v -19.125860 0.563752 20.220661
v -19.205730 0.557479 20.474279
v -19.915100 0.505130 20.480581
v -19.999550 0.505130 20.220661
v -19.915100 0.505130 19.960741
v -19.694000 0.505130 19.800091
v -19.288752 0.442118 20.358789
v -19.690681 0.563752 20.631031
v -19.424011 0.555484 20.637011
vt -0.4219 0.1875
vt -0.2148 0.0000
vt -0.4219 0.0000
vt -0.2148 0.1875
vt -0.4219 0.3242
vt -0.2148 0.3242
vt -0.4258 0.5977
vt -0.2188 0.5977
vt -0.2227 0.8125
vt 0.0000 0.5977
vt 0.0000 0.8125
vt 0.2188 0.5977
vt 0.2227 0.8125
vt 0.4258 0.5977
vt 0.4336 0.8125
vt 0.6289 0.8125
vt 0.4688 0.9531
vt 0.6602 0.9531
vt 1.0000 1.0000
vt 0.8320 0.9531
vt 1.0000 0.9531
vt 1.0000 0.8125
vt 1.1641 0.9531
vt 1.1797 0.8125
vt 1.3359 0.9531
vt 1.3672 0.8125
vt 1.5625 0.8125
vt 1.5703 0.5977
vt 1.6445 0.3945
vt 1.4492 -0.0195
vt 1.6445 -0.0195
vt 1.4492 0.3945
vt 1.6445 0.7227
vt 1.4492 0.7227
vt 1.6445 0.9336
vt 1.4492 0.9336
vt 0.5469 1.0039
vt 1.2500 0.9336
vt 1.0469 0.9336
vt 1.0469 0.7227
vt 0.8477 0.9336
vt 0.8477 0.7227
vt 0.6445 0.9336
vt 0.6445 0.7227
vt 0.4453 0.9336
vt 0.4453 0.7227
vt 0.2422 0.9336
vt 0.2422 0.7227
vt 0.0430 0.9336
vt 0.0430 0.7227
vt -0.1523 0.9336
vt -0.1523 0.7227
vt -0.3438 0.9336
vt -0.3438 0.7227
vt 1.2500 0.7227
vt 1.0469 0.3945
vt 0.8477 0.3945
vt 0.6445 0.3945
vt 0.4453 0.3945
vt 0.2422 0.3945
vt 0.0430 0.3945
vt -0.1523 0.3945
vt -0.3438 0.3945
vt 0.2148 0.1875
vt 0.4219 0.0000
vt 0.2148 0.0000
vt 0.4219 0.1875
vt 0.4219 0.3242
vt 0.6172 0.3242
vt 0.6211 0.5977
vt 0.8125 0.5977
vt 0.8164 0.8125
vt 1.0000 0.5977
vt 1.1836 0.5977
vt 1.3750 0.5977
vt 0.0000 0.1875
vt 0.0000 0.0000
vt 0.2148 0.3242
vt 0.6172 0.0000
vt 0.6172 0.1875
vt 0.7930 0.3242
vt 0.8008 0.4648
vt 0.9062 0.4648
vt 1.5742 0.3242
vt 1.3789 0.3242
vt 1.5742 0.1875
vt 1.3789 0.1875
vt 1.5742 0.0000
vt 1.3789 0.0000
vt 1.1875 0.3242
vt 1.1875 0.1875
vt 1.1875 0.0000
vt 0.0000 0.3242
vt 1.2500 -0.0195
vt 1.2500 0.3945
vt -0.1523 -0.0195
vt -0.3438 -0.0195
vt 0.0430 -0.0195
vt 0.2422 -0.0195
vt 1.7461 0.9531
vt 1.5273 0.9531
vt 0.0000 0.9531
vt 0.2500 0.9531
vt 1.0039 0.4688
vt 1.0117 0.3242
vt 0.7930 0.0000
vt 0.7930 0.1758
vt 0.8594 0.1758
vt 0.9023 0.2070
vt 1.0117 0.0000
vt 1.0117 0.1758
vt 0.9492 0.0000
vt 0.9492 0.1758
vt -0.4688 0.9531
vt -0.2500 0.9531
vt -0.4336 0.8125
vt 1.0469 -0.0195
vt 0.8477 -0.0195
vt 0.2422 -0.3008
vt 0.0430 -0.3008
vt -0.1523 -0.3008
vt -0.3438 -0.3008
vt 0.8594 0.0000
vt 0.4453 -0.0195
vt 0.6445 -0.0195
vn 0.5916 -0.0403 0.8053
vn 0.8092 -0.0652 0.5840
vn 0.5912 -0.0674 0.8037
vn 0.8080 -0.0623 0.5859
vn 0.5709 -0.2910 0.7677
vn 0.7754 -0.3237 0.5423
vn 0.4527 -0.6518 0.6085
vn 0.6028 -0.6672 0.4376
vn 0.4474 -0.8347 0.3212
vn 0.7424 -0.6700 -0.0000
vn 0.5521 -0.8338 -0.0000
vn 0.6011 -0.6719 -0.4327
vn 0.4474 -0.8347 -0.3212
vn 0.2330 -0.6697 -0.7052
vn 0.1713 -0.8362 -0.5210
vn -0.1713 -0.8362 -0.5210
vn 0.0916 -0.9562 -0.2781
vn -0.0916 -0.9562 -0.2781
vn 0.0000 -1.0000 -0.0000
vn -0.2392 -0.9557 -0.1714
vn -0.2952 -0.9554 0.0000
vn -0.5521 -0.8338 0.0000
vn -0.2392 -0.9557 0.1714
vn -0.4474 -0.8347 0.3212
vn -0.0916 -0.9562 0.2781
vn -0.1713 -0.8362 0.5210
vn 0.0000 -0.8238 0.5669
vn 0.0000 -0.6590 0.7521
vn 0.0000 0.6460 -0.7633
vn 0.2556 0.5621 -0.7866
vn 0.0000 0.5428 -0.8399
vn 0.2309 0.6648 -0.7105
vn -0.0000 0.8379 -0.5458
vn 0.1627 0.8501 -0.5009
vn 0.0000 0.9568 -0.2907
vn 0.0858 0.9607 -0.2640
vn 0.0000 1.0000 0.0000
vn 0.2245 0.9607 -0.1632
vn 0.2776 0.9607 0.0000
vn 0.5267 0.8501 -0.0000
vn 0.2245 0.9607 0.1631
vn 0.4261 0.8501 0.3096
vn 0.0858 0.9607 0.2640
vn 0.1627 0.8501 0.5009
vn -0.0858 0.9607 0.2640
vn -0.1627 0.8501 0.5009
vn -0.2245 0.9607 0.1631
vn -0.4261 0.8501 0.3096
vn -0.2775 0.9607 0.0000
vn -0.5267 0.8501 -0.0000
vn -0.2245 0.9607 -0.1632
vn -0.4261 0.8501 -0.3095
vn -0.1708 0.9568 -0.2351
vn -0.3208 0.8379 -0.4416
vn 0.4261 0.8501 -0.3095
vn 0.7476 0.6642 0.0012
vn 0.6079 0.6588 0.4433
vn 0.2340 0.6642 0.7100
vn -0.2312 0.6650 0.7101
vn -0.6044 0.6648 0.4391
vn -0.7470 0.6648 0.0000
vn -0.6044 0.6648 -0.4391
vn -0.4487 0.6460 -0.6175
vn 0.8144 -0.0495 -0.5782
vn 0.3125 -0.0809 -0.9465
vn 0.8072 -0.0550 -0.5877
vn 0.3117 -0.0651 -0.9480
vn 0.2847 -0.3143 -0.9056
vn -0.3579 -0.3003 -0.8842
vn -0.2302 -0.6730 -0.7029
vn -0.6975 -0.5751 -0.4275
vn -0.4474 -0.8347 -0.3212
vn -0.8363 -0.5457 -0.0533
vn -0.6015 -0.6726 0.4311
vn -0.2294 -0.6777 0.6986
vn 0.9988 -0.0490 0.0015
vn 0.9982 -0.0593 0.0004
vn 0.7673 -0.3157 -0.5582
vn -0.4078 -0.0517 -0.9116
vn -0.3831 -0.0504 -0.9223
vn -0.8636 -0.0280 -0.5034
vn -0.8097 -0.2604 -0.5259
vn -0.9397 -0.1697 -0.2971
vn 0.0015 -0.3042 0.9526
vn -0.2866 -0.3210 0.9027
vn 0.0014 -0.0373 0.9993
vn -0.3225 -0.0332 0.9460
vn 0.0006 -0.0490 0.9988
vn -0.3120 -0.0437 0.9491
vn -0.8227 -0.2402 0.5152
vn -0.8808 -0.0002 0.4735
vn -0.8597 -0.0748 0.5053
vn 0.9491 -0.3150 0.0014
vn 0.6692 0.5620 -0.4862
vn 0.6044 0.6648 -0.4391
vn -0.7530 0.3656 -0.5471
vn -0.5506 0.3500 -0.7578
vn -0.9308 0.3656 0.0000
vn -0.7943 0.4282 0.4310
vn 0.1088 -0.9910 0.0785
vn 0.0241 -0.9676 0.2514
vn 0.2952 -0.9554 0.0000
vn 0.2392 -0.9557 -0.1714
vn -0.9721 -0.2222 -0.0749
vn -0.9938 -0.0525 -0.0977
vn -0.8639 -0.0053 -0.5036
vn -0.8632 0.0000 -0.5049
vn -0.9535 0.0001 -0.3013
vn -0.9535 -0.0001 -0.3012
vn -0.9950 -0.0039 -0.1002
vn -0.9951 0.0000 -0.0990
vn -0.9536 -0.0000 -0.3012
vn -0.9536 -0.0001 -0.3012
vn 0.2459 -0.9098 0.3343
vn 0.3247 -0.9168 0.2323
vn 0.3373 -0.8221 0.4586
vn 0.8271 0.5620 0.0050
vn 0.6731 0.5530 0.4910
vn -0.9370 0.1714 0.3045
vn -0.9837 0.1799 0.0000
vn -0.7958 0.1799 -0.5782
vn -0.5791 0.1714 -0.7970
vn -0.2531 0.5620 0.7874
vn 0.2588 0.5619 0.7857
usemtl m8
s 1
f 61/61/2 62/62/3 63/63/4
f 62/62/3 61/61/2 64/64/5
f 65/65/6 64/64/5 61/61/2
f 64/64/5 65/65/6 66/66/7
f 67/67/8 66/66/7 65/65/6
f 66/66/7 67/67/8 68/68/9
f 69/69/10 68/68/9 67/67/8
f 68/68/9 69/69/10 70/70/11
f 71/71/12 70/70/11 69/69/10
f 70/70/11 71/71/12 72/72/13
f 73/73/14 72/72/13 71/71/12
f 72/72/13 73/73/14 74/74/15
f 75/75/16 74/74/15 73/73/14
f 74/74/15 75/75/16 76/76/17
f 77/77/18 76/76/17 75/75/16
f 76/76/17 77/77/18 78/78/19
f 79/79/20 78/78/19 77/77/18
f 78/78/19 79/79/20 80/80/21
f 81/81/22 80/80/21 79/79/20
f 80/80/21 81/81/22 82/82/23
f 83/83/24 82/82/23 81/81/22
f 82/82/23 83/83/24 84/84/25
f 85/85/26 84/84/25 83/83/24
f 84/84/25 85/85/26 86/86/27
f 87/87/28 86/86/27 85/85/26
f 86/86/27 87/87/28 88/88/29
f 89/89/30 90/90/31 91/91/32
f 90/90/31 89/89/30 92/92/33
f 93/93/34 92/92/33 89/89/30
f 92/92/33 93/93/34 94/94/35
f 95/95/36 94/94/35 93/93/34
f 94/94/35 95/95/36 96/96/37
f 97/97/38 96/96/37 95/95/36
f 96/96/37 97/97/38 98/98/39
f 99/99/40 98/98/39 97/97/38
f 98/98/39 99/99/40 100/100/41
f 101/101/42 100/100/41 99/99/40
f 100/100/41 101/101/42 102/102/43
f 103/103/44 102/102/43 101/101/42
f 102/102/43 103/103/44 104/104/45
f 105/105/46 104/104/45 103/103/44
f 104/104/45 105/105/46 106/106/47
f 107/107/48 106/106/47 105/105/46
f 106/106/47 107/107/48 108/108/49
f 109/109/50 108/108/49 107/107/48
f 108/108/49 109/109/50 110/110/51
f 111/111/52 110/110/51 109/109/50
f 110/110/51 111/111/52 112/112/53
f 113/113/54 112/112/53 111/111/52
f 112/112/53 113/113/54 114/114/55
f 100/100/41 115/115/56 98/98/39
f 115/115/56 100/100/41 116/116/57
f 102/102/43 116/116/57 100/100/41
f 116/116/57 102/102/43 117/117/58
f 104/104/45 117/117/58 102/102/43
f 117/117/58 104/104/45 118/118/59
f 106/106/47 118/118/59 104/104/45
f 118/118/59 106/106/47 119/119/60
f 108/108/49 119/119/60 106/106/47
f 119/119/60 108/108/49 120/120/61
f 110/110/51 120/120/61 108/108/49
f 120/120/61 110/110/51 121/121/62
f 112/112/53 121/121/62 110/110/51
f 121/121/62 112/112/53 122/122/63
f 114/114/55 122/122/63 112/112/53
f 122/122/63 114/114/55 123/123/64
f 124/124/65 125/125/66 126/126/67
f 125/125/66 124/124/65 127/127/68
f 128/128/69 127/127/68 124/124/65
f 127/127/68 128/128/69 129/129/70
f 130/130/71 129/129/70 128/128/69
f 129/129/70 130/130/71 131/131/72
f 132/132/73 131/131/72 130/130/71
f 131/131/72 132/132/73 133/133/74
f 82/82/23 133/133/74 132/132/73
f 133/133/74 82/82/23 134/134/75
f 84/84/25 134/134/75 82/82/23
f 134/134/75 84/84/25 135/135/76
f 86/86/27 135/135/76 84/84/25
f 135/135/76 86/86/27 88/88/29
f 136/136/77 126/126/67 137/137/78
f 126/126/67 136/136/77 124/124/65
f 138/138/79 124/124/65 136/136/77
f 124/124/65 138/138/79 128/128/69
f 74/74/15 128/128/69 138/138/79
f 128/128/69 74/74/15 130/130/71
f 76/76/17 130/130/71 74/74/15
f 130/130/71 76/76/17 132/132/73
f 78/78/19 132/132/73 76/76/17
f 132/132/73 78/78/19 80/80/21
f 127/127/68 139/139/80 125/125/66
f 139/139/80 127/127/68 140/140/81
f 129/129/70 140/140/81 127/127/68
f 140/140/81 129/129/70 141/141/82
f 142/142/83 141/141/82 129/129/70
f 141/141/82 142/142/83 143/143/84
f 131/131/72 143/143/84 142/142/83
f 143/143/84 131/131/72 133/133/74
f 144/144/85 135/135/76 88/88/29
f 135/135/76 144/144/85 145/145/86
f 146/146/87 145/145/86 144/144/85
f 145/145/86 146/146/87 147/147/88
f 148/148/89 147/147/88 146/146/87
f 147/147/88 148/148/89 149/149/90
f 145/145/86 134/134/75 135/135/76
f 134/134/75 145/145/86 150/150/91
f 147/147/88 150/150/91 145/145/86
f 150/150/91 147/147/88 151/151/92
f 149/149/90 151/151/92 147/147/88
f 152/152/93 151/151/92 149/149/90
f 64/64/5 137/137/78 62/62/3
f 137/137/78 64/64/5 136/136/77
f 66/66/7 136/136/77 64/64/5
f 136/136/77 66/66/7 153/153/94
f 68/68/9 153/153/94 66/66/7
f 153/153/94 68/68/9 70/70/11
f 92/92/33 154/154/95 90/90/31
f 154/154/95 92/92/33 155/155/96
f 94/94/35 155/155/96 92/92/33
f 155/155/96 94/94/35 115/115/56
f 96/96/37 115/115/56 94/94/35
f 115/115/56 96/96/37 98/98/39
f 156/156/97 123/123/64 157/157/98
f 123/123/64 156/156/97 122/122/63
f 158/158/99 122/122/63 156/156/97
f 122/122/63 158/158/99 121/121/62
f 159/159/100 121/121/62 158/158/99
f 79/79/20 160/160/101 161/161/102
f 160/160/101 79/79/20 162/162/103
f 163/163/104 162/162/103 79/79/20
f 162/162/103 163/163/104 71/71/12
f 73/73/14 71/71/12 163/163/104
f 150/150/91 133/133/74 134/134/75
f 133/133/74 150/150/91 164/164/105
f 165/165/106 164/164/105 150/150/91
f 164/164/105 165/165/106 143/143/84
f 141/141/82 143/143/84 165/165/106
f 140/140/81 166/166/107 139/139/80
f 166/166/107 140/140/81 167/167/108
f 141/141/82 167/167/108 140/140/81
f 167/167/108 141/141/82 168/168/109
f 169/169/110 168/168/109 141/141/82
f 79/79/20 83/83/24 81/81/22
f 83/83/24 79/79/20 85/85/26
f 161/161/102 85/85/26 79/79/20
f 85/85/26 161/161/102 87/87/28
f 152/152/93 170/170/111 151/151/92
f 151/151/92 170/170/111 171/171/112
f 172/172/113 171/171/112 170/170/111
f 171/171/112 172/172/113 173/173/114
f 138/138/79 72/72/13 74/74/15
f 72/72/13 138/138/79 153/153/94
f 136/136/77 153/153/94 138/138/79
f 69/69/10 174/174/115 175/175/116
f 174/174/115 69/69/10 176/176/117
f 67/67/8 176/176/117 69/69/10
f 116/116/57 155/155/96 115/115/56
f 155/155/96 116/116/57 177/177/118
f 178/178/119 177/177/118 116/116/57
f 77/77/18 163/163/104 79/79/20
f 163/163/104 77/77/18 73/73/14
f 75/75/16 73/73/14 77/77/18
f 165/165/106 169/169/110 141/141/82
f 169/169/110 165/165/106 173/173/114
f 171/171/112 173/173/114 165/165/106
f 97/97/38 107/107/48 105/105/46
f 107/107/48 97/97/38 109/109/50
f 111/111/52 109/109/50 97/97/38
f 97/97/38 101/101/42 99/99/40
f 101/101/42 97/97/38 103/103/44
f 105/105/46 103/103/44 97/97/38
f 158/158/99 179/179/120 159/159/100
f 179/179/120 158/158/99 180/180/121
f 181/181/122 158/158/99 156/156/97
f 158/158/99 181/181/122 180/180/121
f 182/182/123 156/156/97 157/157/98
f 156/156/97 182/182/123 181/181/122
f 151/151/92 165/165/106 150/150/91
f 165/165/106 151/151/92 171/171/112
f 71/71/12 175/175/116 162/162/103
f 175/175/116 71/71/12 69/69/10
f 183/183/113 167/167/108 168/168/109
f 167/167/108 183/183/113 166/166/107
f 120/120/61 159/159/100 184/184/124
f 159/159/100 120/120/61 121/121/62
f 119/119/60 184/184/124 185/185/125
f 184/184/124 119/119/60 120/120/61
f 118/118/59 185/185/125 178/178/119
f 185/185/125 118/118/59 119/119/60
f 117/117/58 178/178/119 116/116/57
f 178/178/119 117/117/58 118/118/59
f 153/153/94 70/70/11 72/72/13
f 132/132/73 80/80/21 82/82/23
f 129/129/70 131/131/72 142/142/83
f 133/133/74 164/164/105 143/143/84
f 113/113/54 111/111/52 97/97/38
f 177/177/118 154/154/95 155/155/96
o n6b7
v -19.771290 0.439997 20.150921
v -19.849360 0.439997 20.226171
v -19.804911 0.439997 20.232080
v -19.805080 0.439997 20.078529
v -19.690130 0.439997 20.117302
v -19.805080 0.439997 20.078529
v -19.771290 0.439997 20.150921
v -19.676111 0.439997 19.995661
v -19.608969 0.439997 20.150921
v -19.676111 0.439997 19.995661
v -19.690130 0.439997 20.117302
v -19.531450 0.439997 20.021671
v -19.467541 0.439997 20.362251
v -19.575350 0.439997 20.232080
v -19.608969 0.439997 20.313242
v -19.421982 0.439997 20.220539
v -19.679260 0.439997 20.447922
v -19.608969 0.439997 20.313242
v -19.690130 0.439997 20.346851
v -19.529652 0.439997 20.431959
v -19.802261 0.439997 20.367571
v -19.690130 0.439997 20.346851
v -19.771290 0.439997 20.313242
v -19.679260 0.439997 20.447922
v -19.804911 0.439997 20.232080
v -19.849360 0.439997 20.226171
v -19.771290 0.439997 20.313242
v -19.802261 0.439997 20.367571
v -19.608969 0.439997 20.150921
v -19.423182 0.439997 20.121611
v -19.531450 0.439997 20.021671
v -19.575350 0.439997 20.232080
v -19.835690 0.439997 20.426220
v -19.679260 0.439997 20.447922
v -19.668390 0.439997 20.548992
v -19.668390 0.439997 20.548992
v -19.529652 0.439997 20.431959
v -19.679260 0.439997 20.447922
v -19.450331 0.439997 20.550680
v -19.467541 0.439997 20.362251
v -19.326111 0.439997 20.411251
v -19.326111 0.439997 20.411251
v -19.421982 0.439997 20.220539
v -19.467541 0.439997 20.362251
v -19.263559 0.439997 20.208771
v -19.423182 0.439997 20.121611
v -19.281422 0.439997 20.018709
v -19.423182 0.439997 20.121611
v -19.452831 0.439997 19.890591
v -19.531450 0.439997 20.021671
v -19.281422 0.439997 20.018709
v -19.663771 0.439997 19.888620
v -19.452831 0.439997 19.890591
v -19.834110 0.439997 20.016361
v -19.663771 0.439997 19.888620
v -19.902010 0.439997 20.219181
v -19.834110 0.439997 20.016361
v -19.902010 0.439997 20.219181
v -19.835690 0.439997 20.426220
v -22.929420 0.631620 19.665531
v -22.836660 0.631620 19.320581
v -23.268761 0.631620 19.312731
v -22.458902 0.631620 19.530500
v -23.502081 0.631620 19.511539
v -23.399940 0.631620 19.800560
v -23.268761 0.631620 19.312731
v -23.022171 0.631620 20.010469
v -22.590080 0.631620 20.018332
v -23.399940 0.631620 19.800560
v -22.929420 0.631620 19.665531
v -22.356760 0.631620 19.819511
v -22.458902 0.631620 19.530500
v -22.590080 0.631620 20.018332
v -19.421982 0.439997 20.220539
v -19.467541 0.439997 20.362251
vt 0.0391 0.0000
vt 0.9805 1.0000
vt 0.0391 1.0000
vt 0.9805 0.0000
vt 0.0391 0.0000
vt 0.9805 1.0000
vt 0.0391 1.0000
vt 0.9805 0.0000
vt 0.0391 0.0000
vt 0.9805 1.0000
vt 0.0391 1.0000
vt 0.9805 0.0000
vt 0.9805 1.0000
vt 0.0391 0.5234
vt 0.0391 1.0000
vt 0.9805 0.5391
vt 0.6992 0.0273
vt 0.0547 0.4844
vt 0.0586 0.0977
vt 0.9727 0.6953
vt 0.9805 0.0000
vt 0.0391 1.0000
vt 0.0391 0.0000
vt 0.9805 1.0000
vt 0.0391 0.0000
vt 0.9805 0.0000
vt 0.0391 1.0000
vt 0.9805 1.0000
vt 0.0391 1.0000
vt 0.9805 0.1250
vt 0.9805 1.0000
vt 0.0391 0.2500
vt 0.0391 1.0000
vt 0.9805 0.0000
vt 0.0391 0.0000
vt 0.0977 1.1367
vt 1.0000 0.4102
vt 1.0000 1.1836
vt 0.0000 0.4102
vt 1.0000 0.0000
vt 0.0000 0.0000
vt 0.0430 1.0000
vt 1.0000 0.5156
vt 1.0000 1.0000
vt 0.0430 0.5273
vt 1.0000 0.0000
vt 0.0430 0.0000
vt 0.9805 0.5000
vt 0.0391 -0.2188
vt 0.9805 -0.2188
vt 0.0391 0.5000
vt 0.0391 0.0000
vt 0.0391 1.0000
vt 0.0391 0.0000
vt 0.0391 1.0000
vt 0.0391 0.0000
vt 0.0391 1.0000
vt 0.0391 1.0000
vt 0.0391 0.0000
vt 1.0000 0.5000
vt 0.0000 0.5000
vt 0.2500 0.0000
vt 0.2500 1.0000
vt 0.0000 0.5000
vt 0.2500 1.0000
vt 0.2500 0.0039
vt 0.0000 0.5000
vt 0.2500 0.0000
vt 0.2500 1.0000
vt 0.9844 0.5000
vt 0.0000 0.5000
vt 0.1992 1.0000
vt 0.1484 0.0039
vt 0.9805 0.7266
vt 0.7031 1.0391
vn -0.0000 1.0000 0.0000
usemtl m5
s 1
f 186/186/126 187/187/126 188/188/126
f 187/187/126 186/186/126 189/189/126
f 190/190/126 191/191/126 192/192/126
f 191/191/126 190/190/126 193/193/126
f 194/194/126 195/195/126 196/196/126
f 195/195/126 194/194/126 197/197/126
f 198/198/126 199/199/126 200/200/126
f 199/199/126 198/198/126 201/201/126
f 202/202/126 203/203/126 204/204/126
f 203/203/126 202/202/126 205/205/126
f 206/206/126 207/207/126 208/208/126
f 207/207/126 206/206/126 209/209/126
f 210/210/126 211/211/126 212/212/126
f 212/212/126 211/211/126 213/213/126
f 214/214/126 215/215/126 216/216/126
f 215/215/126 214/214/126 217/217/126
f 218/218/126 219/219/126 213/213/126
f 219/219/126 218/218/126 220/220/126
f 221/221/126 222/222/126 223/223/126
f 222/222/126 221/221/126 224/224/126
f 225/225/126 224/224/126 226/226/126
f 224/224/126 225/225/126 222/222/126
f 227/227/126 228/228/126 229/229/126
f 228/228/126 227/227/126 230/230/126
f 231/231/126 230/230/126 232/232/126
f 230/230/126 231/231/126 228/228/126
f 233/233/126 234/234/126 235/235/126
f 234/234/126 233/233/126 236/236/126
f 216/216/126 237/237/126 193/193/126
f 237/237/126 216/216/126 238/238/126
f 195/195/126 239/239/126 189/189/126
f 239/239/126 195/195/126 240/240/126
f 191/191/126 241/241/126 211/211/126
f 241/241/126 191/191/126 242/242/126
f 243/243/126 206/206/126 187/187/126
f 206/206/126 243/243/126 244/244/126
f 245/245/126 246/246/126 247/247/126
f 246/246/126 245/245/126 248/248/126
f 245/245/126 249/249/126 250/250/126
f 249/249/126 245/245/126 251/251/126
f 245/245/126 252/252/126 253/253/126
f 252/252/126 245/245/126 254/254/126
f 255/255/126 256/256/126 257/257/126
f 256/256/126 255/255/126 258/258/126
f 215/215/126 217/217/126 259/259/126
f 205/205/126 260/260/126 203/203/126
o n2b3
v -20.001591 0.559917 20.220751
v -19.928680 0.617662 20.324402
v -19.936211 0.625644 20.284531
v -19.916710 0.559917 20.481991
v -19.925652 0.499535 20.488482
v -19.697910 0.499535 20.653950
v -19.700151 0.439997 20.660851
v -19.416401 0.499535 20.653950
v -19.414162 0.439997 20.660851
v -19.188662 0.499535 20.488482
v -19.182779 0.439997 20.492750
v -19.157841 0.499535 20.400251
v -19.151482 0.439997 20.403120
v -19.733021 0.767116 20.092981
v -19.621271 0.771141 20.023411
v -19.641203 0.744870 19.962070
v -19.672840 0.797412 20.136702
v -19.764652 0.771141 20.220751
v -19.700151 0.797412 20.220751
v -19.672840 0.797412 20.304810
v -19.557152 0.815516 20.220751
v -19.601341 0.797412 20.356750
v -19.512960 0.797412 20.356750
v -19.632521 0.756311 20.452721
v -19.600330 0.744870 20.479441
v -19.641203 0.744870 20.479441
v -19.667982 0.498657 20.566059
v -19.446341 0.439997 20.566059
v -19.667982 0.439997 20.566059
v -19.446331 0.498657 20.566059
v -19.446331 0.540727 20.566050
v -19.315420 0.540697 20.421520
v -19.315411 0.589997 20.421520
v -19.247911 0.540697 20.207809
v -19.300421 0.626533 20.324821
v -19.267021 0.626533 20.220751
v -19.346361 0.694632 20.220751
v -19.348152 0.653825 20.067020
v -19.162161 0.632680 20.220751
v -19.189251 0.645947 20.165119
v -19.176411 0.643872 20.200291
v -19.223549 0.641623 20.050510
v -19.112709 0.559917 20.220751
v -19.197590 0.559917 19.959520
v -19.101662 0.499535 20.220751
v -19.188662 0.499535 19.953030
v -19.101662 0.439997 20.220751
v -19.182779 0.439997 19.948761
v -19.473101 0.744870 20.479441
v -19.554251 0.734548 20.491720
v -19.337101 0.744870 20.380630
v -19.441469 0.797412 20.304810
v -19.303101 0.744870 20.275982
v -19.285162 0.744870 20.220751
v -19.251219 0.717745 20.220751
v -19.305170 0.744870 20.159161
v -19.273321 0.611394 20.495880
v -19.293880 0.611394 20.472662
v -19.346291 0.559917 20.551090
v -19.275190 0.606539 20.463232
v -19.255840 0.606539 20.487059
v -19.259970 0.622292 20.444160
v -19.231880 0.622292 20.457081
v -19.251629 0.633839 20.400301
v -19.220840 0.633839 20.398932
v -19.228361 0.657581 20.372450
v -19.847290 0.498657 20.434160
v -19.847301 0.439997 20.434160
v -19.667982 0.540727 20.566059
v -19.548559 0.626533 20.500111
v -19.467501 0.626533 20.500111
v -19.475901 0.649859 20.473940
v -19.441101 0.626533 20.480690
v -19.847301 0.498657 20.007341
v -19.915791 0.439997 20.220751
v -19.847301 0.439997 20.007351
v -19.915791 0.498657 20.220751
v -19.847290 0.540727 20.007351
v -19.915791 0.540727 20.220751
v -19.896540 0.564495 20.220381
v -19.847290 0.540727 20.434160
v -19.816832 0.626533 20.315702
v -19.805021 0.599195 20.403059
v -19.646822 0.738354 20.286701
v -19.557161 0.753419 20.220751
v -19.591412 0.738354 20.327450
v -19.667982 0.738354 20.220751
v -19.732771 0.710022 20.220751
v -19.646822 0.738354 20.154802
v -19.757139 0.694632 20.187050
v -19.727701 0.694632 20.095310
v -19.750671 0.670269 20.078421
v -19.685202 0.694632 20.064051
v -19.300421 0.626533 20.324821
v -19.318911 0.694632 20.208639
v -19.346361 0.694632 20.220751
v -19.268860 0.626533 20.322031
v -19.315411 0.589997 20.421520
v -19.293501 0.593974 20.422960
v -19.441101 0.626533 20.480690
v -19.435139 0.626533 20.512411
v -19.473501 0.649859 20.504959
v -19.467501 0.738354 20.286701
v -19.369911 0.704931 20.220751
v -19.359152 0.694632 20.260611
v -19.446341 0.738354 20.220751
v -19.467501 0.738354 20.154802
v -19.522911 0.738354 20.114050
v -19.518940 0.732737 20.101681
v -19.607309 0.715846 20.064491
v -19.896540 0.564495 20.220381
v -19.918571 0.565628 20.222931
v -19.845581 0.626533 20.326950
v -19.813620 0.626533 20.025040
v -19.791889 0.626533 20.048101
v -19.647060 0.658038 19.949049
v -19.635481 0.658038 19.976742
v -19.542742 0.626533 19.941401
v -19.536331 0.626533 19.906860
v -19.462851 0.673208 19.972702
v -19.484303 0.673208 19.993761
v -19.401871 0.694632 20.043360
v -19.414129 0.694632 20.075081
v -19.348152 0.653825 20.067020
v -19.291719 0.717745 20.220049
v -19.251219 0.717745 20.220751
v -19.303101 0.744870 20.275982
v -19.305170 0.744870 20.159161
v -19.325203 0.744870 20.181831
v -19.391621 0.772317 20.100491
v -19.418270 0.772317 20.118662
v -19.441000 0.744870 20.018082
v -19.522911 0.738354 20.327450
v -19.610470 0.711372 20.386860
v -19.727701 0.694632 20.346189
v -19.667982 0.498657 19.875450
v -19.667982 0.439997 19.875450
v -19.667982 0.540727 19.875450
v -19.791889 0.626533 20.048101
v -19.760651 0.626533 20.416380
v -19.484303 0.673208 19.993761
v -19.414129 0.694632 20.075081
v -19.467501 0.626533 19.941401
v -19.542742 0.626533 19.941401
v -19.446331 0.540727 19.875450
v -19.667982 0.540727 19.875450
v -19.667982 0.498657 19.875450
v -19.925652 0.499535 19.953030
v -19.694490 0.559917 19.798071
v -19.697910 0.499535 19.787560
v -19.916710 0.559917 19.959520
v -19.944571 0.559917 20.045271
v -19.874310 0.637053 19.990332
v -19.860031 0.663033 20.000702
v -19.845280 0.643016 19.974001
v -19.391621 0.772317 20.100491
v -19.414162 0.797412 20.220751
v -19.441469 0.797412 20.136702
v -19.413040 0.744870 20.005703
v -19.473101 0.744870 19.962070
v -19.463760 0.720709 19.933321
v -19.535582 0.744870 19.962070
v -19.548559 0.626533 20.500111
v -19.548719 0.626533 20.532049
v -19.647289 0.655597 20.495451
v -19.636351 0.655597 20.467501
v -19.770691 0.626533 20.444691
v -19.760651 0.626533 20.416380
v -19.805021 0.599195 20.403059
v -19.267010 0.498657 20.007351
v -19.247911 0.494997 20.207809
v -19.267010 0.540727 20.007341
v -19.322430 0.626533 20.048101
v -19.601341 0.797412 20.084751
v -19.512960 0.797412 20.084751
v -19.281231 0.503926 20.313290
v -19.267820 0.494997 20.270821
v -19.267820 0.439997 20.270821
v -19.247911 0.439997 20.207809
v -19.315420 0.439997 20.421520
v -19.315420 0.494997 20.421520
v -19.294651 0.494997 20.355751
v -19.952290 0.572194 20.094690
v -20.012640 0.499535 20.220751
v -20.019901 0.439997 20.220751
v -19.931520 0.439997 19.948761
v -19.333559 0.663033 19.943110
v -19.412960 0.684561 19.917070
v -19.412981 0.695292 19.932840
v -19.441469 0.663033 19.864702
v -19.419809 0.559917 19.798071
v -19.591450 0.663033 19.864702
v -19.684361 0.608189 19.829260
v -19.220840 0.633839 20.398932
v -19.209940 0.645229 20.341572
v -19.228361 0.657581 20.372450
v -19.197590 0.559917 20.481991
v -19.446331 0.498657 19.875450
v -19.446341 0.439997 19.875450
v -19.684912 0.605528 20.613970
v -19.566000 0.605387 20.614059
v -19.604202 0.626000 20.600740
v -19.694490 0.559917 20.643440
v -19.887810 0.612495 20.460991
v -19.429331 0.605226 20.614161
v -19.528582 0.663033 20.576801
v -19.419809 0.559917 20.643440
v -19.694490 0.559917 19.798071
v -19.697910 0.499535 19.787560
v -19.416401 0.499535 19.787560
v -19.700151 0.439997 19.780651
v -19.414162 0.439997 19.780651
v -19.801981 0.663033 20.482981
v -19.785690 0.663033 20.456190
v -19.850161 0.612495 20.439671
v -19.673521 0.605528 20.581701
v -19.684912 0.605528 20.613970
v -19.604202 0.626000 20.600740
v -19.601530 0.626000 20.569901
v -19.573851 0.605387 20.579540
v -19.566000 0.605387 20.614059
v -19.528582 0.663033 20.576801
v -19.536072 0.663033 20.541931
v -19.429291 0.605226 20.582121
v -19.429331 0.605226 20.614161
v -19.326719 0.559917 20.575809
v -19.871389 0.663033 20.405830
v -19.838491 0.663033 20.400459
v -19.900412 0.617662 20.312450
v -19.887810 0.612495 20.460991
v -19.798521 0.744870 20.315041
v -19.725021 0.771141 20.342720
v -19.777203 0.744870 20.380630
v -19.807961 0.714483 20.402969
v -19.723001 0.744870 20.420012
v -19.936211 0.625644 20.284531
v -19.908491 0.625644 20.269661
v -19.966412 0.559917 20.213161
v -19.928680 0.617662 20.324402
v -19.952290 0.572194 20.094690
v -19.923161 0.572194 20.102571
v -19.917261 0.559917 20.064781
v -20.001591 0.559917 20.220751
v -19.860031 0.663033 20.000702
v -19.838100 0.663033 20.023060
v -19.823139 0.643016 19.995960
v -19.944571 0.559917 20.045271
v -19.793671 0.744870 20.111549
v -19.829151 0.744870 20.220751
v -19.902250 0.686435 20.220751
v -19.747831 0.663033 19.919180
v -19.727221 0.663033 19.942011
v -19.673281 0.608189 19.865591
v -19.845280 0.643016 19.974001
v -19.591450 0.663033 19.864702
v -19.600901 0.663033 19.893209
v -19.462860 0.695714 19.932289
v -19.684361 0.608189 19.829260
v -19.412981 0.695292 19.932840
v -19.443001 0.695292 19.959209
v -19.343180 0.663033 19.972111
v -19.442982 0.684561 19.938801
v -19.412960 0.684561 19.917070
v -19.454100 0.695714 19.903591
v -19.260761 0.657581 20.368191
v -19.238420 0.645229 20.330761
v -19.209940 0.645229 20.341572
v -19.192902 0.663033 20.251911
v -19.328770 0.706218 20.389091
v -19.297981 0.706218 20.409050
v -19.473101 0.744870 20.479441
v -19.333559 0.744870 20.264591
v -19.591412 0.738354 20.114050
v -19.474689 0.720709 19.970011
v -19.463760 0.720709 19.933321
v -19.413040 0.744870 20.005703
v -19.535582 0.744870 19.962070
v -19.529802 0.744870 19.992071
v -19.625601 0.744870 19.992071
v -19.641203 0.744870 19.962070
v -19.733021 0.767116 20.092981
v -19.714371 0.767116 20.118650
v -19.777702 0.744870 20.138041
v -19.858850 0.686435 20.219662
v -19.902250 0.686435 20.220751
v -19.793671 0.744870 20.111549
v -19.798521 0.744870 20.315041
v -19.767059 0.744870 20.303082
v -19.775202 0.714483 20.378941
v -19.807961 0.714483 20.402969
v -19.723001 0.744870 20.420012
v -19.710680 0.744870 20.391880
v -19.656981 0.744870 20.430901
v -19.386620 0.694632 20.346189
v -19.366341 0.673115 20.361111
v -19.410719 0.694632 20.363911
v -19.492020 0.694632 20.423719
v -19.486752 0.679986 20.440151
v -19.565691 0.694632 20.423719
v -19.318550 0.653825 20.033180
v -19.316710 0.694632 20.190750
v -19.267021 0.626533 20.220751
v -19.832161 0.599195 20.426231
v -19.816832 0.626533 20.315702
v -19.176411 0.643872 20.200291
v -19.203251 0.643872 20.214241
v -19.201031 0.632680 20.217430
v -19.216902 0.645947 20.176861
v -19.189251 0.645947 20.165119
v -19.224140 0.663033 20.093460
v -19.220671 0.663033 20.237341
v -19.162161 0.632680 20.220751
v -19.441572 0.724336 20.135731
v -19.244162 0.644627 19.993351
v -19.246130 0.663033 20.025789
v -19.253710 0.641623 20.061981
v -19.223549 0.641623 20.050510
v -19.276840 0.663033 20.036640
v -19.275242 0.644627 20.010290
v -19.552559 0.734548 20.461121
v -19.600330 0.744870 20.479441
v -19.592600 0.744870 20.450451
v -19.554251 0.734548 20.491720
v -19.144091 0.508464 20.356781
v -19.267809 0.494997 20.270821
v -19.130331 0.499535 20.313301
v -19.281231 0.503926 20.313290
v -19.294640 0.494997 20.355761
v -19.130331 0.499535 20.313301
v -19.123529 0.439997 20.314781
v -19.931520 0.439997 20.492750
v -19.267021 0.439997 20.007351
v -19.326719 0.559917 20.575809
v -19.255840 0.606539 20.487059
v -19.273321 0.611394 20.495880
v -19.667982 0.439997 19.875450
v -19.646822 0.626533 20.500111
v -19.636360 0.655597 20.467501
v -19.333559 0.663033 19.943110
v -19.244162 0.644627 19.993351
v -19.254242 0.663033 20.100182
v -19.646822 0.626533 19.941401
v -19.635481 0.658038 19.976742
v -19.294651 0.439997 20.355751
v -19.775751 0.705981 20.198950
v -19.732771 0.710022 20.220751
v -19.751732 0.720568 20.232170
v -19.757139 0.694632 20.187050
v -19.646822 0.626533 19.941401
v -19.635481 0.658038 19.976742
v -19.727701 0.694632 20.346189
v -19.751732 0.720568 20.232170
v -19.732771 0.710022 20.220751
v -19.746490 0.705981 20.361860
v -19.621880 0.721849 20.405090
v -19.727701 0.694632 20.346189
v -19.610470 0.711372 20.386860
v -19.746490 0.705981 20.361860
v -19.610470 0.711372 20.386860
v -19.577959 0.705982 20.441240
v -19.621880 0.721849 20.405090
v -19.565691 0.694632 20.423719
v -19.641203 0.744870 20.479441
v -19.592600 0.744870 20.450451
v -19.481050 0.744870 20.450302
v -19.481211 0.692099 20.461380
v -19.565691 0.694632 20.423719
v -19.486752 0.679986 20.440151
v -19.577959 0.705982 20.441240
v -19.475901 0.649859 20.473940
v -19.441572 0.724336 20.135731
v -19.353931 0.715743 20.208950
v -19.369911 0.704931 20.220751
v -19.430170 0.734136 20.118502
v -19.340832 0.705981 20.257460
v -19.359152 0.694632 20.260601
v -19.353931 0.715743 20.208950
v -19.340832 0.705981 20.257460
v -19.366341 0.673115 20.361111
v -19.359152 0.694632 20.260601
v -19.349760 0.685587 20.382301
v -19.366341 0.673115 20.361111
v -19.405880 0.705981 20.385851
v -19.410719 0.694632 20.363911
v -19.349760 0.685587 20.382301
v -19.486752 0.679986 20.440151
v -19.405880 0.705981 20.385851
v -19.481211 0.692099 20.461380
v -19.410719 0.694632 20.363911
v -19.700151 0.439997 19.780651
v -19.509750 0.742099 20.083481
v -19.441572 0.724336 20.135731
v -19.518940 0.732737 20.101681
v -19.192902 0.663033 20.251911
v -19.454100 0.695714 19.903591
v -19.297981 0.706218 20.409050
v -19.598940 0.726088 20.045950
v -19.518940 0.732737 20.101681
v -19.607309 0.715846 20.064491
v -19.509750 0.742099 20.083481
v -19.157841 0.499535 20.400251
v -19.151482 0.439997 20.403120
v -19.123529 0.439997 20.314781
v -19.267809 0.439997 20.270821
v -19.144091 0.508464 20.356781
v -19.681581 0.705981 20.045481
v -19.607309 0.715846 20.064491
v -19.685202 0.694632 20.064051
v -19.598940 0.726088 20.045950
v -19.767731 0.682890 20.064390
v -19.685202 0.694632 20.064051
v -19.750671 0.670269 20.078421
v -19.681581 0.705981 20.045481
v -19.246130 0.663033 20.025789
v -19.231880 0.622292 20.457081
v -19.684361 0.608189 19.829260
v -19.747831 0.663033 19.919180
v -19.757139 0.694632 20.187050
v -19.767731 0.682890 20.064390
v -19.750671 0.670269 20.078421
v -19.775751 0.705981 20.198950
v -19.267021 0.626533 20.190750
v -19.600330 0.744870 20.479441
v -19.224140 0.663033 20.093460
v -19.294640 0.439997 20.355761
v -19.801981 0.663033 20.482981
v -19.871389 0.663033 20.405830
vt -2.9414 0.0742
vt -2.4688 0.4375
vt -2.6484 0.4883
vt -1.9414 0.0742
vt -1.9414 -0.3047
vt -0.9453 -0.3047
vt -0.9453 -0.6797
vt 0.0430 -0.3047
vt 0.0430 -0.6797
vt 1.0312 -0.3047
vt 1.0312 -0.6797
vt 1.3516 -0.3047
vt 1.3516 -0.6797
vt 0.3086 1.0977
vt 0.7578 1.1250
vt 0.7969 1.3477
vt 0.4180 0.8633
vt 0.0078 0.7617
vt 0.1992 0.6523
vt 0.1445 0.3438
vt 0.6250 0.4102
vt 0.2734 0.0625
vt 0.5352 -0.0859
vt 0.0234 -0.1797
vt 0.0781 -0.3164
vt -0.0430 -0.2461
vt 0.3438 0.1328
vt 0.7344 -0.0859
vt 0.3438 -0.0859
vt 0.7383 0.1328
vt 0.7383 0.2930
vt 1.0859 0.2930
vt 1.1094 0.4922
vt 1.5195 0.2930
vt 1.2734 0.6133
vt 1.4961 0.6133
vt 1.4961 0.8711
vt 1.8672 0.7148
vt 2.0156 0.5312
vt 2.2617 0.6172
vt 2.1055 0.6016
vt 2.7500 0.5898
vt 2.0156 0.0742
vt 2.9961 0.0742
vt 2.0156 -0.3047
vt 3.0000 -0.3047
vt 2.0156 -0.6797
vt 3.0000 -0.6797
vt 0.4570 -0.5312
vt 0.1953 -0.4297
vt 1.0234 -0.4531
vt 0.8359 -0.0430
vt 1.2969 -0.1875
vt 1.4375 -0.0469
vt 1.5391 -0.1055
vt 1.4805 0.1758
vt 0.9297 0.6484
vt 0.8906 0.6367
vt 0.9609 0.5430
vt 0.8945 0.6641
vt 0.9297 0.6719
vt 0.8750 0.6914
vt 0.9062 0.7148
vt 0.8320 0.7227
vt 0.8477 0.7578
vt 0.8086 0.7617
vt -0.0664 0.1328
vt -0.0664 -0.0859
vt 0.3438 0.2930
vt 0.5664 0.6133
vt 0.7461 0.6133
vt 0.7500 0.7031
vt 0.8125 0.6133
vt -0.9297 0.1328
vt -0.4961 -0.0859
vt -0.9258 -0.0859
vt -0.4961 0.1328
vt -0.9297 0.2930
vt -0.4961 0.2930
vt -0.4961 0.3867
vt -0.0664 0.2930
vt -0.2578 0.6133
vt -0.0625 0.5117
vt 0.4336 0.2031
vt 0.5664 0.4414
vt 0.3125 0.3320
vt 0.6055 0.1719
vt 0.6250 0.0352
vt 0.7617 0.2500
vt 0.7188 0.0000
vt 0.9336 0.1094
vt 0.9844 0.0859
vt 0.9961 0.2305
vt 0.0469 0.3203
vt 0.1523 0.5039
vt 0.1797 0.4844
vt 0.0156 0.3203
vt 0.0234 0.1953
vt 0.0000 0.1641
vt 0.1797 0.0781
vt 0.1758 0.0273
vt 0.2422 0.0391
vt 0.3711 0.6641
vt 0.5039 0.9766
vt 0.3984 1.0000
vt 0.5273 0.7422
vt 0.6992 0.7109
vt 0.8203 0.5820
vt 0.8477 0.6055
vt 0.9688 0.4062
vt 0.5195 0.5234
vt 0.5508 0.5234
vt 0.5625 0.3477
vt 0.5312 0.8281
vt 0.5117 0.7930
vt 0.4141 0.9414
vt 0.4023 0.8945
vt 0.2773 0.9453
vt 0.2695 1.0000
vt 0.2617 0.8906
vt 0.2812 0.8594
vt 0.2305 0.7734
vt 0.2422 0.7227
vt 0.1289 0.7344
vt 0.1328 0.4609
vt 0.0898 0.4336
vt 0.1016 0.5352
vt 0.1914 0.4219
vt 0.1953 0.4570
vt 0.3242 0.4375
vt 0.3398 0.4727
vt 0.4375 0.3789
vt 0.2891 0.5078
vt 0.1719 0.2891
vt 0.3125 0.0234
vt -1.2500 0.1328
vt -1.2500 -0.0859
vt -1.2500 0.2930
vt -0.9336 0.6133
vt 0.0273 0.6133
vt 2.2344 0.7891
vt 1.9570 0.8711
vt 2.2500 0.6133
vt 2.4141 0.6133
vt 2.2539 0.2930
vt 2.7500 0.2930
vt 2.7500 0.1328
vt -3.9375 -0.3047
vt -5.0000 0.0742
vt -5.0000 -0.3047
vt -3.9414 0.0742
vt -3.6133 0.0742
vt -3.9414 0.5586
vt -3.9414 0.7227
vt -4.0859 0.5977
vt 1.3164 0.5039
vt 1.0547 0.1680
vt 1.1094 0.4766
vt 1.4062 0.8320
vt 1.2969 1.0664
vt 1.3750 1.1367
vt 1.1133 1.1719
vt 0.2812 0.0547
vt 0.2812 0.0000
vt 0.4102 0.0664
vt 0.4023 0.1094
vt 0.4922 0.1562
vt 0.4805 0.1992
vt 0.4883 0.2266
vt 1.8750 0.1328
vt 1.5195 0.1211
vt 1.8750 0.2930
vt 1.8711 0.6133
vt 0.7148 0.9062
vt 0.9805 0.7539
vt 1.3086 0.1523
vt 1.3945 0.1211
vt 1.3945 -0.0859
vt 1.5195 -0.0859
vt 1.0859 -0.0859
vt 1.0859 0.1211
vt 1.2188 0.1211
vt -3.4219 0.1523
vt -2.9414 -0.3047
vt -2.9414 -0.6797
vt -3.9375 -0.6797
vt 3.4141 0.7227
vt 3.7891 0.8594
vt 3.7422 0.9258
vt 3.9844 0.7227
vt 3.9844 0.0742
vt 4.6406 0.7227
vt 5.0000 0.3789
vt 1.2695 0.5391
vt 1.5078 0.6133
vt 1.3477 0.6914
vt 1.0312 0.0742
vt 2.2578 0.1328
vt 2.2578 -0.0859
vt -0.9453 0.3633
vt -0.4805 0.3594
vt -0.6484 0.4922
vt -0.9453 0.0742
vt -1.9414 0.4062
vt 0.0430 0.3594
vt -0.3242 0.7227
vt 0.0430 0.0742
vt 5.0000 0.0742
vt 5.0000 -0.3047
vt 3.9844 -0.3047
vt 5.0000 -0.6797
vt 3.9844 -0.6797
vt 0.6250 0.0781
vt 0.6055 0.1094
vt 0.5664 0.0547
vt 0.8125 0.1680
vt 0.8398 0.1367
vt 0.8633 0.2305
vt 0.8320 0.2500
vt 0.8633 0.2773
vt 0.9023 0.2656
vt 0.8672 0.3203
vt 0.8281 0.3320
vt 0.9414 0.4336
vt 0.9766 0.4141
vt 1.0000 0.5508
vt 0.5078 0.0469
vt 0.5156 0.0820
vt 0.4023 0.0703
vt 0.5703 0.0000
vt -0.2422 0.5273
vt -0.0703 0.3164
vt -0.2852 0.2891
vt -0.4141 0.2695
vt -0.1875 0.0742
vt 0.3516 0.0469
vt 0.3477 0.0820
vt 0.2734 0.0586
vt 0.3984 0.0312
vt 0.1523 0.1367
vt 0.1758 0.1641
vt 0.1406 0.1914
vt 0.2656 0.0156
vt 0.0781 0.2812
vt 0.1133 0.2930
vt 0.0977 0.3242
vt 0.1055 0.1758
vt 0.0977 1.1445
vt -0.1836 0.8711
vt -0.3984 0.9922
vt 0.0469 0.4453
vt 0.0820 0.4570
vt 0.0430 0.5625
vt 0.0625 0.3125
vt 0.0703 0.6445
vt 0.0977 0.6211
vt 0.2031 0.7422
vt 0.0000 0.5703
vt 0.2305 0.7969
vt 0.2422 0.7500
vt 0.3164 0.8555
vt 0.2227 0.7617
vt 0.2148 0.8086
vt 0.1758 0.7695
vt 0.7852 0.7266
vt 0.7617 0.7734
vt 0.7891 0.7969
vt 0.6953 0.8633
vt 0.0430 0.6445
vt 0.0000 0.6445
vt 0.1250 0.8516
vt 0.1406 0.5430
vt 0.8438 0.4062
vt 0.5078 0.3477
vt 0.5234 0.3047
vt 0.4180 0.3477
vt 0.5781 0.3906
vt 0.5469 0.4180
vt 0.6445 0.4844
vt 0.6836 0.4688
vt 0.6797 0.6680
vt 0.6445 0.6797
vt 0.6953 0.7344
vt 0.7148 0.8477
vt 0.7617 0.8789
vt 0.7305 0.7188
vt 0.5820 0.9219
vt 0.5586 0.8867
vt 0.5117 0.9570
vt 0.5273 1.0000
vt 0.4258 0.9727
vt 0.4336 0.9336
vt 0.3516 0.9336
vt 0.1953 0.9023
vt 0.1523 0.9727
vt 0.1602 0.8320
vt 0.0391 0.6016
vt 0.0000 0.6250
vt 0.0664 0.4102
vt 0.0977 0.7852
vt 0.1484 0.5312
vt 0.0156 0.4844
vt 0.5117 0.1914
vt 0.5352 0.3633
vt 0.6523 0.9102
vt 0.6562 0.8750
vt 0.6602 0.8789
vt 0.6055 0.8828
vt 0.6094 0.9180
vt 0.5078 0.9180
vt 0.6641 0.8438
vt 0.6836 0.9180
vt 0.7383 0.8008
vt 2.9961 0.6094
vt 0.4258 0.9297
vt 0.4648 0.9062
vt 0.4688 0.9453
vt 0.4219 0.8906
vt 0.3984 0.9102
vt 0.2227 0.8867
vt 0.2578 0.9414
vt 0.2695 0.9102
vt 0.1992 0.9180
vt 0.5000 0.1875
vt 0.2500 0.6836
vt 0.2500 0.1875
vt 0.5000 0.6836
vt 0.7500 0.6836
vt 1.6797 -0.3047
vt 1.6797 -0.6797
vt -1.9414 -0.6797
vt 1.8750 -0.0859
vt 0.4570 0.0742
vt 0.8867 0.3672
vt 0.8203 0.3984
vt 2.7500 -0.0859
vt 0.3516 0.6133
vt 0.3633 0.7227
vt 0.2891 0.8828
vt 0.3945 0.9531
vt 0.5000 0.8828
vt -1.2500 0.6133
vt -1.2500 0.7305
vt 1.2188 -0.0859
vt 0.3555 0.6445
vt 0.6406 0.3594
vt 0.3555 0.3594
vt 0.6406 0.6445
vt 2.7500 0.6133
vt 2.7500 0.7305
vt 0.6406 0.3594
vt 0.3555 0.6445
vt 0.6406 0.6445
vt 0.3555 0.3594
vt 0.3555 0.3594
vt 0.6406 0.6445
vt 0.6406 0.3594
vt 0.3555 0.6445
vt 0.6406 0.6445
vt 0.3555 0.3594
vt 0.3555 0.6445
vt 0.6406 0.3594
vt 0.2969 0.9727
vt 0.4688 0.4883
vt 0.1562 0.8281
vt 0.3555 0.3594
vt 0.6406 0.6445
vt 0.6406 0.3594
vt 0.3555 0.6445
vt 0.2422 0.0898
vt 0.3555 0.3594
vt 0.6406 0.6445
vt 0.6406 0.3594
vt 0.3555 0.6445
vt 0.3555 0.6445
vt 0.6406 0.6445
vt 0.3555 0.3594
vt 0.3555 0.3594
vt 0.6406 0.6445
vt 0.6406 0.3594
vt 0.3555 0.6445
vt 0.6406 0.3594
vt 0.3555 0.6445
vt 0.6406 0.6445
vt 0.3555 0.3594
vt 0.6406 0.6445
vt 0.3555 0.3594
vt 0.3555 0.6445
vt 0.6406 0.3594
vt -5.0000 -0.6797
vt 0.3555 0.3594
vt 0.6406 0.6445
vt 0.6406 0.3594
vt 1.8750 0.7227
vt 3.9805 0.9297
vt 1.0938 -0.6055
vt 0.3555 0.3594
vt 0.6406 0.6445
vt 0.6406 0.3594
vt 0.3555 0.6445
vt 0.7500 0.1875
vt 1.0000 0.1875
vt 0.0000 0.1875
vt 0.0000 0.6836
vt 1.5156 -0.2500
vt 0.3555 0.3594
vt 0.6406 0.6445
vt 0.6406 0.3594
vt 0.3555 0.6445
vt 0.3555 0.3594
vt 0.6406 0.6445
vt 0.6406 0.3594
vt 0.3555 0.6445
vt 2.8828 0.7227
vt 1.0312 0.4688
vt -5.0000 0.3789
vt -4.5742 0.7227
vt 0.6406 0.3594
vt 0.3555 0.6445
vt 0.6406 0.6445
vt 0.3555 0.3594
vt 0.0156 0.5312
vt 0.5859 0.0391
vt 2.5820 0.7227
vt 1.0000 0.6836
vt -1.6289 0.7227
vt -2.0977 0.7227
vn -0.9631 0.2656 0.0441
vn -0.7988 0.5427 0.2595
vn -0.7530 0.3656 0.5471
vn -0.7999 0.1497 0.5811
vn -0.3055 0.1497 0.9403
vn -0.3067 0.1210 0.9441
vn 0.3055 0.1497 0.9403
vn 0.3067 0.1210 0.9441
vn 0.7935 0.1497 0.5899
vn 0.7968 0.1211 0.5920
vn 0.9323 0.1758 0.3162
vn 0.9377 0.1159 0.3274
vn -0.3169 0.9259 -0.2055
vn -0.1166 0.9261 -0.3588
vn -0.0976 0.9259 -0.3648
vn -0.2245 0.9607 -0.1631
vn -0.3772 0.9261 0.0000
vn -0.2775 0.9607 -0.0000
vn -0.2245 0.9607 0.1631
vn 0.0000 1.0000 -0.0000
vn -0.0858 0.9607 0.2640
vn 0.0858 0.9607 0.2640
vn -0.1166 0.9261 0.3587
vn -0.0000 0.9079 0.4193
vn -0.1165 0.9262 0.3587
vn 0.3118 -0.0000 -0.9501
vn -0.4053 0.0001 -0.9142
vn -0.4054 -0.0001 -0.9141
vn -0.3599 -0.2879 -0.8875
vn -0.8673 0.0001 -0.4977
vn -0.8525 -0.1451 -0.5021
vn -0.9906 -0.1009 -0.0920
vn -0.8967 -0.3656 -0.2496
vn -0.8596 -0.5078 -0.0577
vn -0.6507 -0.7581 0.0429
vn -0.5151 -0.7601 0.3961
vn 0.8270 0.5620 0.0134
vn 0.7988 0.5428 -0.2595
vn 0.7990 0.5424 -0.2597
vn 0.9299 0.3677 -0.0033
vn 0.7530 0.3655 -0.5471
vn 0.9960 0.0888 -0.0068
vn 0.8036 0.1458 -0.5770
vn 0.9994 0.0294 -0.0179
vn 0.8099 0.1212 -0.5739
vn 0.1375 0.9073 0.3973
vn -0.0000 0.7655 0.6435
vn 0.4261 0.8501 0.3096
vn 0.2245 0.9607 0.1631
vn 0.4352 0.8892 0.1414
vn 0.5266 0.8501 -0.0000
vn 0.6243 0.7812 -0.0052
vn 0.4181 0.8982 -0.1358
vn -0.0980 0.9913 0.0884
vn -0.1067 0.9898 0.0944
vn -0.0057 1.0000 0.0076
vn -0.1323 0.9858 0.1030
vn -0.0563 0.9926 0.1078
vn -0.1900 0.9362 0.2956
vn -0.1136 0.9508 0.2883
vn -0.0228 0.9008 0.4337
vn 0.0200 0.8931 0.4495
vn 0.0201 0.9837 0.1784
vn 0.8118 -0.0001 -0.5840
vn 0.8118 -0.0002 -0.5839
vn 0.2974 -0.3147 -0.9014
vn -0.0000 -0.6422 -0.7666
vn -0.2262 -0.6891 -0.6885
vn -0.1551 -0.7617 -0.6291
vn -0.4554 -0.6440 -0.6147
vn 0.8118 -0.0001 0.5840
vn 1.0000 0.0000 0.0000
vn 0.8118 0.0001 0.5839
vn 0.7708 -0.3129 0.5549
vn 0.9491 -0.3150 -0.0008
vn 0.7785 -0.6275 -0.0102
vn 0.7627 -0.3295 -0.5564
vn 0.7457 -0.6159 -0.2544
vn 0.5928 -0.6455 -0.4815
vn 0.2392 -0.9557 -0.1714
vn -0.0000 -1.0000 -0.0000
vn 0.0916 -0.9562 -0.2781
vn 0.2952 -0.9554 -0.0000
vn 0.4006 -0.9160 0.0229
vn 0.2392 -0.9557 0.1714
vn 0.4317 -0.8913 0.1386
vn 0.4474 -0.8347 0.3212
vn 0.5406 -0.7599 0.3610
vn 0.2746 -0.8862 0.3733
vn 0.0482 0.9017 0.4297
vn 0.1843 0.8604 0.4750
vn 0.2074 0.8580 0.4699
vn 0.0217 0.9052 0.4245
vn -0.1272 0.9260 -0.3556
vn -0.1514 0.9880 0.0324
vn 0.3764 0.9235 -0.0745
vn 0.3755 0.9241 -0.0706
vn 0.1363 0.9903 -0.0263
vn -0.2392 -0.9557 -0.1714
vn -0.4002 -0.9151 -0.0484
vn -0.4262 -0.8942 -0.1368
vn -0.2952 -0.9554 0.0000
vn -0.2392 -0.9557 0.1714
vn -0.0916 -0.9562 0.2781
vn -0.1161 -0.9179 0.3796
vn 0.1725 -0.9165 0.3609
vn 0.0221 0.9968 -0.0772
vn 0.0371 0.9920 -0.1205
vn -0.0149 0.9960 -0.0882
vn -0.1661 0.9712 0.1707
vn -0.1770 0.9707 0.1628
vn 0.0617 0.9981 -0.0053
vn 0.0581 0.9980 -0.0243
vn -0.0870 0.9948 -0.0530
vn -0.1075 0.9940 -0.0199
vn -0.2750 0.9317 -0.2373
vn -0.2656 0.9289 -0.2580
vn 0.1684 0.9820 0.0851
vn 0.1907 0.9789 0.0737
vn 0.0993 0.9935 0.0565
vn -0.0590 -0.9980 0.0214
vn -0.0003 -0.9999 0.0165
vn 0.0041 -0.9980 0.0632
vn -0.2180 -0.9404 -0.2611
vn -0.2711 -0.9305 -0.2465
vn -0.0010 -0.9999 0.0142
vn 0.0064 -0.9999 0.0093
vn 0.1383 -0.9434 0.3015
vn -0.0916 -0.9562 -0.2781
vn 0.1096 -0.9178 -0.3817
vn 0.3249 -0.9168 -0.2322
vn 0.5925 0.0000 0.8056
vn 0.5925 0.0000 0.8055
vn 0.5654 -0.2988 0.7688
vn 0.5997 -0.6367 0.4847
vn 0.5056 -0.5857 -0.6335
vn -0.2796 -0.7595 0.5873
vn -0.3952 -0.7451 0.5373
vn -0.2262 -0.6891 0.6885
vn -0.0000 -0.6530 0.7574
vn -0.2958 -0.3140 0.9022
vn 0.0000 -0.3007 0.9537
vn 0.0000 0.0000 1.0000
vn -0.7999 0.1497 -0.5811
vn -0.5506 0.3500 -0.7578
vn -0.5818 0.1426 -0.8007
vn -0.7530 0.3656 -0.5471
vn -0.9108 0.2879 -0.2959
vn -0.6692 0.5619 -0.4862
vn -0.6360 0.5610 -0.5298
vn -0.4937 0.5427 -0.6795
vn 0.3041 0.9261 -0.2232
vn 0.2775 0.9607 -0.0000
vn 0.2245 0.9607 -0.1631
vn 0.2549 0.9011 -0.3509
vn 0.1627 0.8501 -0.5009
vn 0.1995 0.7811 -0.5917
vn 0.0000 0.9033 -0.4290
vn -0.0081 0.9999 0.0112
vn -0.0076 1.0000 -0.0000
vn 0.0410 0.9991 0.0053
vn 0.0401 0.9991 0.0162
vn -0.3136 0.9373 -0.1519
vn -0.3441 0.9310 -0.1220
vn -0.0806 0.9963 -0.0284
vn -0.8699 0.0001 0.4932
vn -0.9944 -0.0000 -0.1053
vn -0.8188 -0.2859 0.4978
vn -0.5903 -0.6868 0.4242
vn -0.0858 0.9607 -0.2640
vn 0.0858 0.9607 -0.2640
vn -0.9536 0.0001 -0.3012
vn -0.9535 -0.0000 -0.3013
vn -0.8674 0.0000 -0.4977
vn -0.9536 0.0002 -0.3012
vn -0.7989 0.5426 -0.2596
vn -0.9887 0.1497 -0.0000
vn -0.9926 0.1211 0.0000
vn -0.8031 0.1210 -0.5835
vn 0.4766 0.5854 -0.6559
vn 0.3782 0.7655 -0.5205
vn 0.3782 0.7656 -0.5204
vn 0.2308 0.6648 -0.7105
vn 0.2876 0.3656 -0.8852
vn 0.0000 0.5729 -0.8197
vn 0.0000 0.5427 -0.8399
vn 0.7988 0.5428 0.2595
vn 0.7988 0.5427 0.2596
vn 0.7989 0.5425 0.2596
vn 0.7498 0.3685 0.5496
vn -0.3118 0.0000 0.9501
vn -0.3118 0.0001 0.9502
vn -0.2609 0.5620 0.7850
vn 0.0000 0.5427 0.8399
vn -0.2876 0.3656 0.8852
vn -0.6777 0.5620 0.4743
vn 0.1789 0.5603 0.8088
vn 0.0000 0.5428 0.8399
vn 0.2876 0.3656 0.8852
vn -0.0000 0.3499 -0.9368
vn 0.0000 0.1426 -0.9898
vn 0.3055 0.1497 -0.9403
vn 0.0000 0.1153 -0.9933
vn 0.3067 0.1211 -0.9441
vn -0.1084 0.9871 -0.1181
vn -0.1475 0.9850 -0.0897
vn -0.0363 0.9929 0.1130
vn 0.0328 0.9992 0.0227
vn 0.0388 0.9992 0.0137
vn 0.1500 0.9881 -0.0356
vn 0.1779 0.9839 0.0154
vn -0.1389 0.9871 0.0800
vn -0.2256 0.9729 0.0513
vn -0.1523 0.9874 0.0439
vn -0.2265 0.9728 0.0486
vn 0.4534 0.8909 -0.0287
vn 0.4547 0.8907 0.0006
vn -0.0041 0.9991 0.0417
vn 0.0801 0.9735 0.2141
vn 0.0472 0.9562 0.2890
vn -0.0349 0.9929 -0.1139
vn 0.0800 0.9867 0.1413
vn -0.4427 0.8851 0.1438
vn -0.3052 0.9261 0.2217
vn -0.4260 0.8501 0.3096
vn -0.5060 0.7811 0.3659
vn -0.2543 0.9016 0.3500
vn -0.1041 0.9693 -0.2229
vn -0.1260 0.9638 -0.2348
vn -0.0767 0.9591 -0.2726
vn -0.0469 0.9927 -0.1109
vn 0.0464 0.9955 -0.0831
vn 0.0273 0.9945 -0.1008
vn -0.1846 0.9615 0.2035
vn -0.0676 0.9472 -0.3134
vn -0.0848 0.9917 0.0969
vn -0.1136 0.9873 0.1114
vn 0.1417 0.9798 -0.1414
vn -0.1959 0.9415 0.2742
vn -0.4284 0.8928 -0.1392
vn -0.5267 0.8501 -0.0000
vn -0.6244 0.7811 -0.0081
vn 0.1431 0.9846 -0.1005
vn 0.1345 0.9834 -0.1214
vn -0.0298 0.9988 -0.0398
vn 0.1495 0.9772 -0.1507
vn -0.3896 0.9163 -0.0924
vn -0.3877 0.9128 -0.1285
vn 0.1262 0.9913 0.0382
vn -0.0269 0.9996 0.0082
vn -0.0522 0.9909 -0.1241
vn -0.0794 0.9927 -0.0904
vn 0.2819 0.9525 0.1155
vn -0.0471 0.9888 -0.1416
vn -0.1291 0.9755 -0.1784
vn 0.0433 0.9965 0.0719
vn -0.0250 0.9814 0.1903
vn 0.0054 0.9980 -0.0629
vn 0.0250 0.9975 -0.0660
vn 0.0775 0.9572 -0.2788
vn 0.0174 -0.9988 -0.0463
vn 0.0271 -0.9988 -0.0419
vn -0.0395 -0.9989 0.0264
vn -0.0227 -0.9979 0.0607
vn 0.0916 -0.9562 0.2781
vn -0.0383 -0.9984 0.0405
vn -0.0224 -0.9997 -0.0067
vn 0.1594 -0.9507 0.2661
vn -0.1887 -0.9820 0.0118
vn -0.1927 -0.9806 0.0371
vn -0.0681 -0.9970 0.0366
vn -0.0691 -0.9970 0.0359
vn 0.0778 -0.9955 -0.0535
vn 0.0780 -0.9953 -0.0567
vn 0.3421 -0.9157 -0.2106
vn 0.0323 -0.9991 0.0273
vn 0.0006 -0.9997 0.0243
vn 0.3127 -0.9214 -0.2308
vn -0.0122 -0.9991 0.0403
vn 0.0127 -0.9994 0.0333
vn 0.0270 -0.9994 -0.0200
vn 0.0026 -1.0000 0.0035
vn 0.1831 -0.9769 0.1101
vn 0.2021 -0.9754 0.0885
vn -0.4474 -0.8347 -0.3212
vn -0.5556 -0.7590 -0.3395
vn -0.2818 -0.8796 -0.3832
vn -0.1714 -0.8362 -0.5210
vn -0.2074 -0.7624 -0.6130
vn -0.0000 -0.8976 -0.4409
vn 0.1155 0.9882 0.1010
vn 0.1796 0.9784 0.1027
vn 0.2320 0.9453 0.2293
vn 0.7694 0.6232 0.1403
vn -0.0539 0.9965 -0.0632
vn -0.0285 0.9969 -0.0727
vn 0.0440 0.9382 0.3432
vn 0.2848 0.7866 0.5479
vn 0.3125 0.9497 0.0202
vn 0.0483 0.9914 0.1219
vn 0.0520 0.9911 0.1225
vn -0.0422 0.9886 -0.1442
vn 0.1581 0.9403 -0.3014
vn 0.0109 0.9917 -0.1277
vn -0.3421 -0.9163 0.2083
vn 0.6841 0.5619 -0.4652
vn -0.0261 0.9997 -0.0016
vn 0.0278 0.9988 0.0401
vn 0.0214 0.9982 0.0563
vn -0.0099 0.9996 -0.0279
vn -0.0593 0.9802 -0.1888
vn -0.0468 -0.9988 -0.0161
vn -0.2266 -0.9731 -0.0426
vn -0.2335 -0.9704 -0.0623
vn -0.0450 -0.9990 -0.0025
vn 0.0312 -0.9995 0.0098
vn -0.2095 -0.6284 0.7491
vn -0.2122 -0.6224 0.7534
vn 0.0300 -0.9995 0.0096
vn 0.2609 -0.6291 -0.7322
vn 0.9558 0.1218 0.2675
vn 0.9674 0.1161 0.2250
vn -0.8031 0.1210 0.5835
vn -0.8699 0.0002 0.4933
vn 0.5660 0.2698 0.7790
vn 0.4936 0.5428 0.6795
vn 0.4937 0.5428 0.6794
vn 0.2262 -0.6891 -0.6885
vn 0.2126 -0.7623 -0.6112
vn 0.2778 0.9543 0.1104
vn -0.0970 0.9792 -0.1780
vn -0.0354 0.9867 -0.1587
vn 0.4402 -0.6694 0.5985
vn 0.3952 -0.7450 0.5373
vn -0.9536 0.0000 -0.3011
vn -0.1792 -0.8418 0.5092
vn -0.1758 -0.8460 0.5034
vn -0.1727 -0.8498 0.4980
vn -0.1821 -0.8380 0.5144
vn -0.0000 -0.6713 0.7411
vn -0.0000 -0.7465 0.6654
vn -0.5548 -0.8289 -0.0716
vn -0.5258 -0.8467 -0.0818
vn -0.5221 -0.8488 -0.0830
vn -0.5581 -0.8268 -0.0704
vn -0.0447 -0.8739 0.4840
vn -0.0710 -0.8508 0.5207
vn -0.0408 -0.8771 0.4785
vn -0.0742 -0.8478 0.5251
vn -0.4766 -0.8561 0.2001
vn -0.4843 -0.8505 0.2053
vn -0.4728 -0.8587 0.1976
vn -0.4879 -0.8479 0.2076
vn -0.0433 -0.9990 0.0118
vn -0.2515 -0.8233 0.5088
vn -0.2203 -0.8728 0.4355
vn -0.2600 -0.8079 0.5288
vn -0.2141 -0.8814 0.4210
vn 0.1526 0.9882 -0.0118
vn 0.2248 -0.8995 -0.3747
vn 0.2645 -0.8689 -0.4185
vn 0.2705 -0.8638 -0.4251
vn 0.2194 -0.9033 -0.3686
vn 0.4031 -0.8664 -0.2946
vn 0.4350 -0.8415 -0.3205
vn 0.4537 -0.8254 -0.3358
vn 0.3867 -0.8783 -0.2812
vn 0.5303 -0.8370 -0.1349
vn 0.6466 -0.7585 -0.0814
vn 0.5027 -0.8520 -0.1464
vn 0.6590 -0.7484 -0.0751
vn -0.2633 -0.7621 0.5916
vn -0.3159 -0.7832 0.5355
vn -0.3551 -0.7961 0.4901
vn -0.2324 -0.7478 0.6220
vn 0.4837 -0.8095 0.3328
vn 0.4780 -0.8179 0.3204
vn 0.4845 -0.8082 0.3347
vn 0.4771 -0.8191 0.3185
vn -0.5839 0.1152 -0.8036
vn 0.0898 -0.9014 -0.4236
vn 0.1013 -0.8942 -0.4361
vn 0.0870 -0.9031 -0.4206
vn 0.1039 -0.8925 -0.4389
vn 0.7989 0.5426 0.2596
vn 0.1900 0.7811 -0.5948
vn 0.4968 0.7810 0.3783
vn 0.3119 -0.8864 -0.3420
vn 0.2974 -0.8997 -0.3196
vn 0.3146 -0.8838 -0.3462
vn 0.2946 -0.9021 -0.3153
vn 0.2605 -0.6232 -0.7374
vn 0.3107 -0.0097 -0.9505
vn -0.2941 -0.0075 0.9558
vn -0.2915 -0.0000 0.9566
vn 0.8623 0.3748 0.3407
vn 0.2320 -0.8559 -0.4623
vn 0.2215 -0.8872 -0.4049
vn 0.2339 -0.8492 -0.4734
vn 0.2194 -0.8925 -0.3940
vn 0.0998 -0.7212 -0.6855
vn 0.1169 -0.8370 -0.5346
vn 0.0939 -0.6807 -0.7265
vn 0.1199 -0.8573 -0.5006
vn 0.7019 0.5611 0.4387
vn -0.4757 -0.8708 0.1244
vn -0.6297 -0.7663 0.1277
vn -0.6556 -0.7442 0.1278
vn -0.4577 -0.8804 0.1238
vn 0.8078 0.5894 0.0000
vn 0.7988 0.5427 -0.2595
vn 0.3141 0.0000 -0.9494
vn -0.4937 0.5428 0.6795
vn -0.7987 0.5428 0.2595
usemtl m1
s 1
f 261/261/127 262/262/128 263/263/128
f 262/262/128 261/261/127 264/264/129
f 265/265/130 264/264/129 261/261/127
f 264/264/129 265/265/130 266/266/131
f 267/267/132 266/266/131 265/265/130
f 266/266/131 267/267/132 268/268/133
f 269/269/134 268/268/133 267/267/132
f 268/268/133 269/269/134 270/270/135
f 271/271/136 270/270/135 269/269/134
f 270/270/135 271/271/136 272/272/137
f 273/273/138 272/272/137 271/271/136
f 274/274/139 275/275/140 276/276/141
f 275/275/140 274/274/139 277/277/142
f 278/278/143 277/277/142 274/274/139
f 277/277/142 278/278/143 279/279/144
f 280/280/145 279/279/144 278/278/143
f 279/279/144 280/280/145 281/281/146
f 282/282/147 281/281/146 280/280/145
f 281/281/146 282/282/147 283/283/148
f 284/284/149 283/283/148 282/282/147
f 283/283/148 284/284/149 285/285/150
f 286/286/151 285/285/150 284/284/149
f 287/287/152 288/288/153 289/289/152
f 288/288/153 287/287/152 290/290/154
f 291/291/155 290/290/154 287/287/152
f 290/290/154 291/291/155 292/292/156
f 293/293/157 292/292/156 291/291/155
f 292/292/156 293/293/157 294/294/158
f 295/295/159 294/294/158 293/293/157
f 294/294/158 295/295/159 296/296/160
f 297/297/161 296/296/160 295/295/159
f 296/296/160 297/297/161 298/298/162
f 299/299/163 300/300/164 301/301/165
f 300/300/164 299/299/163 302/302/164
f 303/303/166 302/302/164 299/299/163
f 302/302/164 303/303/166 304/304/167
f 305/305/168 304/304/167 303/303/166
f 304/304/167 305/305/168 306/306/169
f 307/307/170 306/306/169 305/305/168
f 306/306/169 307/307/170 308/308/171
f 309/309/172 285/285/150 310/310/173
f 285/285/150 309/309/172 283/283/148
f 311/311/174 283/283/148 309/309/172
f 283/283/148 311/311/174 312/312/175
f 313/313/176 312/312/175 311/311/174
f 312/312/175 313/313/176 314/314/177
f 315/315/178 314/314/177 313/313/176
f 314/314/177 315/315/178 316/316/179
f 317/317/180 318/318/181 319/319/182
f 318/318/181 317/317/180 320/320/183
f 321/321/184 320/320/183 317/317/180
f 320/320/183 321/321/184 322/322/185
f 323/323/186 322/322/185 321/321/184
f 322/322/185 323/323/186 324/324/187
f 325/325/188 324/324/187 323/323/186
f 324/324/187 325/325/188 326/326/189
f 327/327/190 289/289/152 328/328/191
f 289/289/152 327/327/190 287/287/152
f 329/329/192 287/287/152 327/327/190
f 287/287/152 329/329/192 291/291/155
f 330/330/193 291/291/155 329/329/192
f 291/291/155 330/330/193 331/331/194
f 332/332/195 331/331/194 330/330/193
f 331/331/194 332/332/195 333/333/196
f 334/334/197 335/335/198 336/336/199
f 335/335/198 334/334/197 337/337/198
f 338/338/200 337/337/198 334/334/197
f 337/337/198 338/338/200 339/339/201
f 340/340/202 339/339/201 338/338/200
f 339/339/201 340/340/202 341/341/203
f 342/342/204 341/341/203 340/340/202
f 341/341/203 342/342/204 343/343/205
f 344/344/206 345/345/207 346/346/208
f 345/345/207 344/344/206 347/347/209
f 348/348/210 347/347/209 344/344/206
f 347/347/209 348/348/210 349/349/211
f 350/350/212 349/349/211 348/348/210
f 349/349/211 350/350/212 351/351/213
f 352/352/214 351/351/213 350/350/212
f 351/351/213 352/352/214 353/353/215
f 354/354/216 355/355/217 356/356/218
f 355/355/217 354/354/216 357/357/219
f 358/358/220 357/357/219 354/354/216
f 357/357/219 358/358/220 359/359/221
f 360/360/222 359/359/221 358/358/220
f 359/359/221 360/360/222 361/361/223
f 362/362/224 361/361/223 360/360/222
f 363/363/225 364/364/226 365/365/227
f 364/364/226 363/363/225 366/366/228
f 345/345/207 366/366/228 363/363/225
f 366/366/228 345/345/207 367/367/229
f 368/368/230 367/367/229 345/345/207
f 367/367/229 368/368/230 369/369/231
f 370/370/232 369/369/231 368/368/230
f 371/371/233 372/372/234 373/373/235
f 372/372/234 371/371/233 374/374/236
f 375/375/237 374/374/236 371/371/233
f 374/374/236 375/375/237 376/376/238
f 377/377/239 376/376/238 375/375/237
f 376/376/238 377/377/239 378/378/240
f 378/378/240 379/379/241 376/376/238
f 379/379/241 378/378/240 380/380/242
f 381/381/243 380/380/242 378/378/240
f 380/380/242 381/381/243 382/382/244
f 383/383/245 382/382/244 381/381/243
f 382/382/244 383/383/245 384/384/246
f 385/385/247 386/386/248 387/387/249
f 386/386/248 385/385/247 388/388/250
f 389/389/251 388/388/250 385/385/247
f 388/388/250 389/389/251 390/390/252
f 391/391/253 390/390/252 389/389/251
f 390/390/252 391/391/253 392/392/254
f 393/393/255 345/345/207 363/363/225
f 345/345/207 393/393/255 346/346/208
f 394/394/256 346/346/208 393/393/255
f 346/346/208 394/394/256 344/344/206
f 395/395/257 344/344/206 394/394/256
f 344/344/206 395/395/257 348/348/210
f 396/396/258 336/336/199 397/397/259
f 336/336/199 396/396/258 334/334/197
f 398/398/260 334/334/197 396/396/258
f 334/334/197 398/398/260 338/338/200
f 399/399/261 338/338/200 398/398/260
f 338/338/200 399/399/261 340/340/202
f 337/337/198 328/328/191 335/335/198
f 328/328/191 337/337/198 327/327/190
f 341/341/203 327/327/190 337/337/198
f 327/327/190 341/341/203 329/329/192
f 343/343/205 329/329/192 341/341/203
f 329/329/192 343/343/205 400/400/262
f 401/401/263 298/298/162 402/402/264
f 298/298/162 401/401/263 403/403/265
f 404/404/266 403/403/265 401/401/263
f 403/403/265 404/404/266 405/405/267
f 406/406/268 405/405/267 404/404/266
f 405/405/267 406/406/268 407/407/269
f 408/408/270 409/409/271 410/410/272
f 409/409/271 408/408/270 411/411/273
f 412/412/274 411/411/273 408/408/270
f 411/411/273 412/412/274 413/413/275
f 414/414/276 413/413/275 412/412/274
f 413/413/275 414/414/276 415/415/277
f 416/416/278 417/417/279 316/316/179
f 417/417/279 416/416/278 418/418/280
f 419/419/281 418/418/280 416/416/278
f 418/418/280 419/419/281 420/420/282
f 421/421/283 420/420/282 419/419/281
f 420/420/282 421/421/283 422/422/284
f 423/423/285 424/424/286 362/362/224
f 424/424/286 423/423/285 425/425/287
f 426/426/288 425/425/287 423/423/285
f 425/425/287 426/426/288 427/427/289
f 428/428/290 427/427/289 426/426/288
f 427/427/289 428/428/290 429/429/291
f 294/294/158 430/430/292 431/431/293
f 430/430/292 294/294/158 432/432/294
f 296/296/160 432/432/294 294/294/158
f 432/432/294 296/296/160 433/433/295
f 298/298/162 433/433/295 296/296/160
f 433/433/295 298/298/162 403/403/265
f 434/434/296 420/420/282 422/422/284
f 420/420/282 434/434/296 435/435/297
f 281/281/146 435/435/297 434/434/296
f 435/435/297 281/281/146 418/418/280
f 417/417/279 418/418/280 281/281/146
f 294/294/158 436/436/298 292/292/156
f 436/436/298 294/294/158 437/437/298
f 431/431/293 437/437/298 294/294/158
f 437/437/298 431/431/293 438/438/299
f 439/439/293 438/438/299 431/431/293
f 290/290/154 440/440/300 288/288/153
f 440/440/300 290/290/154 441/441/300
f 292/292/156 441/441/300 290/290/154
f 441/441/300 292/292/156 442/442/301
f 436/436/298 442/442/301 292/292/156
f 443/443/302 412/412/274 261/261/127
f 261/261/127 412/412/274 444/444/303
f 408/408/270 444/444/303 412/412/274
f 444/444/303 408/408/270 445/445/304
f 446/446/305 445/445/304 408/408/270
f 275/275/140 422/422/284 276/276/141
f 422/422/284 275/275/140 434/434/296
f 277/277/142 434/434/296 275/275/140
f 434/434/296 277/277/142 281/281/146
f 279/279/144 281/281/146 277/277/142
f 447/447/306 448/448/307 449/449/308
f 448/448/307 447/447/306 450/450/309
f 451/451/310 450/450/309 447/447/306
f 450/450/309 451/451/310 452/452/311
f 453/453/312 452/452/311 451/451/310
f 454/454/313 455/455/314 456/456/315
f 455/455/314 454/454/313 303/303/166
f 457/457/316 303/303/166 454/454/313
f 303/303/166 457/457/316 272/272/137
f 270/270/135 272/272/137 457/457/316
f 405/405/267 433/433/295 403/403/265
f 433/433/295 405/405/267 432/432/294
f 458/458/317 432/432/294 405/405/267
f 432/432/294 458/458/317 430/430/292
f 459/459/318 430/430/292 458/458/317
f 460/460/319 461/461/320 462/462/320
f 461/461/320 460/460/319 463/463/321
f 464/464/322 463/463/321 460/460/319
f 463/463/321 464/464/322 264/264/129
f 262/262/128 264/264/129 464/464/322
f 461/461/320 465/465/323 466/466/324
f 465/465/323 461/461/320 467/467/325
f 463/463/321 467/467/325 461/461/320
f 467/467/325 463/463/321 266/266/131
f 264/264/129 266/266/131 463/463/321
f 451/451/310 468/468/326 453/453/312
f 468/468/326 451/451/310 469/469/327
f 470/470/328 469/469/327 451/451/310
f 469/469/327 470/470/328 471/471/329
f 472/472/330 471/471/329 470/470/328
f 473/473/331 474/474/332 475/475/333
f 474/474/332 473/473/331 476/476/334
f 477/477/335 476/476/334 473/473/331
f 476/476/334 477/477/335 478/478/336
f 478/478/336 479/479/337 476/476/334
f 479/479/337 478/478/336 480/480/338
f 481/481/339 480/480/338 478/478/336
f 480/480/338 481/481/339 482/482/340
f 482/482/340 483/483/341 480/480/338
f 483/483/341 482/482/340 484/484/342
f 485/485/343 484/484/342 482/482/340
f 484/484/342 485/485/343 486/486/344
f 487/487/345 488/488/346 489/489/347
f 488/488/346 487/487/345 475/475/333
f 490/490/348 475/475/333 487/487/345
f 475/475/333 490/490/348 473/473/331
f 491/491/349 492/492/350 280/280/145
f 492/492/350 491/491/349 493/493/351
f 494/494/352 493/493/351 491/491/349
f 493/493/351 494/494/352 495/495/353
f 496/496/354 497/497/355 498/498/356
f 497/497/355 496/496/354 489/489/347
f 499/499/357 489/489/347 496/496/354
f 489/489/347 499/499/357 487/487/345
f 500/500/358 501/501/359 502/502/360
f 501/501/359 500/500/358 498/498/356
f 503/503/361 498/498/356 500/500/358
f 498/498/356 503/503/361 496/496/354
f 504/504/362 505/505/363 506/506/364
f 505/505/363 504/504/362 502/502/360
f 507/507/365 502/502/360 504/504/362
f 502/502/360 507/507/365 500/500/358
f 508/508/366 278/278/143 274/274/139
f 278/278/143 508/508/366 509/509/367
f 510/510/368 509/509/367 508/508/366
f 509/509/367 510/510/368 491/491/349
f 511/511/369 512/512/370 513/513/371
f 512/512/370 511/511/369 506/506/364
f 514/514/372 506/506/364 511/511/369
f 506/506/364 514/514/372 504/504/362
f 515/515/373 516/516/374 517/517/375
f 516/516/374 515/515/373 513/513/371
f 518/518/376 513/513/371 515/515/373
f 513/513/371 518/518/376 511/511/369
f 519/519/377 520/520/378 521/521/379
f 520/520/378 519/519/377 522/522/380
f 523/523/381 522/522/380 519/519/377
f 522/522/380 523/523/381 524/524/382
f 326/326/189 525/525/383 324/324/187
f 525/525/383 326/326/189 526/526/384
f 527/527/385 526/526/384 326/326/189
f 526/526/384 527/527/385 528/528/386
f 529/529/387 530/530/388 531/531/389
f 530/530/388 529/529/387 387/387/249
f 532/532/390 387/387/249 529/529/387
f 387/387/249 532/532/390 385/385/247
f 349/349/211 345/345/207 347/347/209
f 345/345/207 349/349/211 533/533/391
f 370/370/232 533/533/391 349/349/211
f 533/533/391 370/370/232 368/368/230
f 534/534/392 535/535/393 536/536/394
f 535/535/393 534/534/392 537/537/395
f 538/538/396 537/537/395 534/534/392
f 537/537/395 538/538/396 539/539/397
f 539/539/397 540/540/398 537/537/395
f 540/540/398 539/539/397 541/541/399
f 542/542/400 541/541/399 539/539/397
f 541/541/399 542/542/400 543/543/401
f 544/544/402 545/545/403 546/546/404
f 545/545/403 544/544/402 547/547/405
f 548/548/406 547/547/405 544/544/402
f 547/547/405 548/548/406 549/549/407
f 549/549/407 550/550/408 547/547/405
f 550/550/408 549/549/407 551/551/409
f 552/552/410 551/551/409 549/549/407
f 551/551/409 552/552/410 553/553/207
f 554/554/411 365/365/227 555/555/412
f 365/365/227 554/554/411 363/363/225
f 556/556/413 363/363/225 554/554/411
f 363/363/225 556/556/413 393/393/255
f 557/557/414 556/556/413 558/558/415
f 556/556/413 557/557/414 393/393/255
f 559/559/416 393/393/255 557/557/414
f 393/393/255 559/559/416 394/394/256
f 384/384/246 560/560/417 382/382/244
f 560/560/417 384/384/246 561/561/418
f 356/356/419 561/561/418 384/384/246
f 561/561/418 356/356/419 562/562/420
f 429/429/291 563/563/421 427/427/289
f 563/563/421 429/429/291 373/373/235
f 564/564/422 373/373/235 429/429/291
f 373/373/235 564/564/422 371/371/233
f 312/312/175 281/281/146 283/283/148
f 281/281/146 312/312/175 417/417/279
f 314/314/177 417/417/279 312/312/175
f 417/417/279 314/314/177 316/316/179
f 565/565/423 566/566/424 567/567/425
f 566/566/424 565/565/423 568/568/426
f 569/569/427 568/568/426 565/565/423
f 568/568/426 569/569/427 570/570/428
f 528/528/386 571/571/429 526/526/384
f 571/571/429 528/528/386 567/567/425
f 572/572/430 567/567/425 528/528/386
f 567/567/425 572/572/430 565/565/423
f 367/367/229 364/364/226 366/366/228
f 364/364/226 367/367/229 573/573/431
f 369/369/231 573/573/431 367/367/229
f 304/304/167 447/447/306 574/574/432
f 447/447/306 304/304/167 451/451/310
f 470/470/328 451/451/310 304/304/167
f 306/306/169 470/470/328 304/304/167
f 470/470/328 306/306/169 472/472/330
f 308/308/171 472/472/330 306/306/169
f 575/575/433 576/576/434 577/577/435
f 576/576/434 575/575/433 578/578/436
f 579/579/437 578/578/436 575/575/433
f 580/580/438 581/581/439 582/582/440
f 581/581/439 580/580/438 583/583/441
f 531/531/389 583/583/441 580/580/438
f 584/584/442 585/585/443 586/586/444
f 585/585/443 584/584/442 587/587/445
f 588/588/446 587/587/445 584/584/442
f 589/589/447 305/305/168 303/303/166
f 305/305/168 589/589/447 307/307/170
f 590/590/448 307/307/170 589/589/447
f 444/444/303 265/265/130 261/261/127
f 265/265/130 444/444/303 591/591/449
f 445/445/304 591/591/449 444/444/303
f 430/430/292 439/439/293 431/431/293
f 439/439/293 430/430/292 592/592/450
f 459/459/318 592/592/450 430/430/292
f 268/268/133 467/467/325 266/266/131
f 467/467/325 268/268/133 593/593/451
f 270/270/135 593/593/451 268/268/133
f 593/593/451 594/594/452 595/595/453
f 594/594/452 593/593/451 457/457/316
f 270/270/135 457/457/316 593/593/451
f 458/458/317 596/596/269 459/459/318
f 596/596/269 458/458/317 407/407/269
f 405/405/267 407/407/269 458/458/317
f 597/597/454 598/598/455 330/330/193
f 598/598/455 597/597/454 400/400/262
f 329/329/192 400/400/262 597/597/454
f 353/353/215 349/349/211 351/351/213
f 349/349/211 353/353/215 370/370/232
f 524/524/382 517/517/375 522/522/380
f 517/517/375 524/524/382 515/515/373
f 599/599/456 521/521/379 579/579/437
f 521/521/379 599/599/456 519/519/377
f 600/600/457 579/579/437 575/575/433
f 579/579/437 600/600/457 599/599/456
f 486/486/344 319/319/182 484/484/342
f 319/319/182 486/486/344 317/317/180
f 284/284/149 495/495/353 286/286/151
f 495/495/353 284/284/149 282/282/147
f 509/509/367 280/280/145 278/278/143
f 280/280/145 509/509/367 491/491/349
f 570/570/428 576/576/434 601/601/458
f 576/576/434 570/570/428 577/577/435
f 495/495/353 492/492/350 493/493/351
f 492/492/350 495/495/353 282/282/147
f 399/399/261 602/602/459 603/603/460
f 602/602/459 399/399/261 398/398/260
f 604/604/461 441/441/300 442/442/301
f 441/441/300 604/604/461 440/440/300
f 605/605/462 606/606/463 607/607/464
f 606/606/463 605/605/462 608/608/465
f 609/609/466 404/404/266 610/610/467
f 404/404/266 609/609/466 406/406/268
f 611/611/468 612/612/469 613/613/470
f 612/612/469 611/611/468 614/614/471
f 615/615/472 616/616/473 617/617/474
f 616/616/473 615/615/472 618/618/475
f 619/619/476 620/620/477 621/621/478
f 620/620/477 619/619/476 622/622/479
f 553/553/207 623/623/207 551/551/409
f 623/623/207 553/553/207 624/624/207
f 543/543/401 546/546/404 541/541/399
f 546/546/404 543/543/401 544/544/402
f 392/392/254 536/536/394 390/390/252
f 536/536/394 392/392/254 534/534/392
f 625/625/480 531/531/389 580/580/438
f 531/531/389 625/625/480 529/529/387
f 626/626/481 627/627/482 628/628/483
f 627/627/482 626/626/481 629/629/484
f 630/630/485 362/362/224 360/360/222
f 362/362/224 630/630/485 423/423/285
f 631/631/486 632/632/487 633/633/488
f 632/632/487 631/631/486 634/634/489
f 633/633/490 635/635/491 636/636/492
f 635/635/491 633/633/490 637/637/493
f 638/638/494 639/639/495 640/640/496
f 639/639/495 638/638/494 641/641/497
f 642/642/498 643/643/499 644/644/500
f 643/643/499 642/642/498 645/645/501
f 646/646/502 647/647/503 648/648/504
f 647/647/503 646/646/502 649/649/505
f 411/411/273 415/415/277 409/409/271
f 415/415/277 411/411/273 413/413/275
f 446/446/305 410/410/272 650/650/506
f 410/410/272 446/446/305 408/408/270
f 651/651/507 652/652/508 653/653/509
f 652/652/508 651/651/507 634/634/510
f 455/455/314 299/299/163 654/654/511
f 299/299/163 455/455/314 303/303/166
f 655/655/512 450/450/309 452/452/311
f 450/450/309 655/655/512 448/448/307
f 311/311/174 656/656/513 313/313/176
f 656/656/513 311/311/174 309/309/172
f 657/657/514 658/658/515 659/659/516
f 658/658/515 657/657/514 660/660/517
f 661/661/518 588/588/446 584/584/442
f 588/588/446 661/661/518 662/662/519
f 663/663/520 585/585/443 664/664/521
f 585/585/443 663/663/520 586/586/444
f 665/665/522 303/303/166 272/272/137
f 303/303/166 665/665/522 589/589/447
f 666/666/523 667/667/524 668/668/525
f 667/667/524 666/666/523 669/669/526
f 670/670/527 671/671/528 672/672/529
f 671/671/528 670/670/527 673/673/530
f 302/302/164 574/574/432 674/674/164
f 574/574/432 302/302/164 304/304/167
f 675/675/531 457/457/316 454/454/313
f 457/457/316 675/675/531 594/594/452
f 676/676/277 415/415/277 677/677/277
f 415/415/277 676/676/277 409/409/271
f 678/678/532 679/679/533 680/680/534
f 679/679/533 678/678/532 681/681/535
f 291/291/155 333/333/196 293/293/157
f 333/333/196 291/291/155 331/331/194
f 418/418/280 420/420/282 435/435/297
f 597/597/454 330/330/193 329/329/192
f 492/492/350 282/282/147 280/280/145
f 682/682/536 561/561/418 562/562/420
f 368/368/230 345/345/207 533/533/391
f 555/555/412 556/556/413 554/554/411
f 683/683/207 623/623/207 624/624/207
f 558/558/415 559/559/416 557/557/414
f 601/601/458 568/568/426 570/570/428
f 337/337/198 339/339/201 341/341/203
f 300/300/164 302/302/164 684/684/537
f 467/467/325 593/593/451 465/465/323
f 685/685/538 588/588/446 662/662/519
f 464/464/322 460/460/319 686/686/539
f 687/687/540 262/262/128 464/464/322
f 591/591/449 267/267/132 265/265/130
o n10b4
v -20.109030 0.439997 20.970802
v -20.028780 0.439997 21.348671
v -20.070902 0.439997 20.941889
v -20.075531 0.439997 21.446520
v -20.109030 0.299997 20.970802
v -20.075531 0.299997 21.446520
v -18.648350 0.439997 19.325310
v -19.133982 0.439997 19.575270
v -18.697411 0.439997 19.382530
v -19.124081 0.439997 19.499500
v -18.648350 0.299997 19.325310
v -18.771151 0.299997 19.370270
v -20.075531 0.439997 21.446520
v -19.640402 0.439996 21.722822
v -20.028780 0.439997 21.348671
v -19.655691 0.439996 21.794611
v -19.655691 0.299996 21.794611
v -20.469639 0.439997 20.495071
v -20.070902 0.439997 20.941889
v -20.412210 0.439997 20.494822
v -20.109030 0.439997 20.970802
v -20.109030 0.299997 20.970802
v -19.124081 0.439997 19.499500
v -20.007092 0.439997 19.586842
v -19.133982 0.439997 19.575270
v -20.075531 0.439997 19.543619
v -20.075531 0.299997 19.543619
v -20.284889 0.439997 19.987129
v -20.469639 0.439997 20.495071
v -20.412210 0.439997 20.494822
v -20.339581 0.439997 19.938911
v -20.007092 0.439997 19.586842
v -20.339581 0.439997 19.938911
v -20.284889 0.439997 19.987129
v -20.075531 0.439997 19.543619
v -19.717911 0.299996 21.743021
v -20.075531 0.299997 21.446520
v -20.339581 0.299997 19.938911
v -20.469639 0.299997 20.495071
v -20.339581 0.299997 19.938911
v -20.075531 0.299997 19.543619
v -19.124081 0.299997 19.499500
v -20.469639 0.299997 20.495071
v -19.124081 0.299997 19.499500
vt 0.0000 0.6562
vt 1.6836 1.0000
vt 0.0859 0.9961
vt 2.0000 0.6562
vt 0.0000 0.0000
vt 2.0000 0.0000
vt 0.0078 0.6562
vt 2.2930 1.0000
vt 0.2930 1.0000
vt 2.0156 0.6562
vt -0.0039 0.0000
vt 0.5078 0.0000
vt 0.0000 0.6562
vt 1.8086 1.0000
vt -0.1133 1.0000
vt 2.0000 0.6562
vt 2.0000 0.0000
vt 0.0000 0.6562
vt 2.0117 1.0000
vt 0.0859 1.0000
vt 2.0000 0.6562
vt 2.0000 0.0000
vt 0.0000 0.6562
vt 3.7188 1.0000
vt 0.0859 1.0000
vt 4.0000 0.6562
vt 4.0000 0.0000
vt 0.0859 1.0000
vt 2.0000 0.6562
vt 1.8086 1.0000
vt 0.0000 0.6562
vt -0.0234 1.0000
vt 2.0000 0.6562
vt 2.0625 1.0000
vt 0.0000 0.6562
vt 1.7031 0.0000
vt 0.0000 0.0000
vt 0.0000 0.0000
vt 2.0000 0.0000
vt 2.0000 0.0000
vt 0.0000 0.0000
vt 1.9961 0.0000
vt 0.0000 0.0000
vt 0.0000 0.0000
vn -0.5886 0.8074 0.0414
vn 0.0000 1.0000 0.0000
vn -0.9477 0.3121 0.0667
vn -0.9975 0.0000 0.0702
vn -0.3270 0.3094 -0.8930
vn -0.2090 0.7940 -0.5708
vn -0.3438 0.0000 -0.9390
vn -0.3438 0.0001 -0.9390
vn -0.4174 0.7566 0.5034
vn -0.5246 0.5695 0.6328
vn -0.6383 -0.0000 0.7698
vn -0.6864 0.5081 0.5203
vn -0.5635 0.7071 0.4272
vn -0.7969 0.0000 0.6041
vn -0.0346 0.6639 -0.7470
vn -0.0432 0.3618 -0.9313
vn -0.0463 -0.0000 -0.9989
vn -0.7416 0.6481 -0.1734
vn -0.8029 0.5658 -0.1878
vn -0.5635 0.7354 -0.3764
vn -0.5832 0.7128 -0.3896
vn -0.6383 -0.0001 0.7698
vn -0.9737 0.0000 -0.2277
vn -0.8315 0.0000 -0.5555
usemtl m10
s 1
f 688/688/541 689/689/542 690/690/542
f 689/689/542 688/688/541 691/691/543
f 692/692/544 691/691/543 688/688/541
f 691/691/543 692/692/544 693/693/544
f 694/694/545 695/695/542 696/696/542
f 697/697/546 695/695/542 694/694/545
f 698/698/547 697/697/546 694/694/545
f 697/697/546 698/698/547 699/699/548
f 700/700/549 701/701/542 702/702/542
f 701/701/542 700/700/549 703/703/550
f 704/704/551 703/703/550 700/700/549
f 705/705/552 706/706/542 707/707/542
f 706/706/542 705/705/552 708/708/553
f 709/709/554 708/708/553 705/705/552
f 710/710/555 711/711/542 712/712/542
f 711/711/542 710/710/555 713/713/556
f 714/714/557 713/713/556 710/710/555
f 715/715/542 716/716/558 717/717/542
f 716/716/558 715/715/542 718/718/559
f 719/719/542 720/720/560 721/721/542
f 720/720/560 719/719/542 722/722/561
f 700/700/549 723/723/562 704/704/551
f 723/723/562 700/700/549 724/724/551
f 716/716/558 725/725/563 726/726/563
f 725/725/563 716/716/558 718/718/559
f 727/727/564 722/722/561 728/728/564
f 722/722/561 727/727/564 720/720/560
f 697/697/546 699/699/548 729/729/547
f 730/730/554 709/709/554 705/705/552
f 731/731/557 714/714/557 710/710/555
o n4b1
v -20.820459 -0.006900 21.119450
v -21.164572 -0.471083 20.455511
v -20.820459 -0.471083 21.119450
v -19.219671 -0.006901 22.834911
v -20.596500 -0.471084 22.059629
v -19.219671 -0.471084 22.834911
v -20.596500 -0.006901 22.059629
v -18.476290 0.439997 19.478291
v -18.648350 0.439997 19.325310
v -18.697411 0.439997 19.382530
v -18.410492 0.439997 19.434481
v -18.172621 0.439997 19.543619
v -19.639271 0.439993 20.285549
v -19.690130 0.439997 20.346851
v -19.608969 0.439997 20.313242
v -19.692310 0.439993 20.307520
v -19.617310 0.439993 20.232521
v -19.608969 0.439997 20.313242
v -19.575350 0.439997 20.232080
v -19.639271 0.439993 20.285549
v -19.639271 0.439993 20.179491
v -19.608969 0.439997 20.150921
v -19.692310 0.439993 20.157520
v -19.608969 0.439997 20.150921
v -19.690130 0.439997 20.117302
v -19.639271 0.439993 20.179491
v -19.745340 0.439993 20.179491
v -19.771290 0.439997 20.150921
v -19.767309 0.439993 20.232521
v -19.771290 0.439997 20.150921
v -19.804911 0.439997 20.232080
v -19.745340 0.439993 20.179491
v -19.745340 0.439993 20.285549
v -19.771290 0.439997 20.313242
v -19.771290 0.439997 20.313242
v -19.745340 0.439993 20.285549
v -19.640402 0.439996 21.722822
v -19.124081 0.439996 21.840630
v -19.140802 0.439996 21.772591
v -19.655691 0.439996 21.794611
v -17.778511 0.439997 20.495071
v -18.244350 0.439997 19.595901
v -17.877550 0.439997 20.474531
v -18.172621 0.439997 19.543619
v -18.701431 -0.090454 23.422703
v -19.100561 -0.471084 22.779581
v -18.701431 -0.471084 23.422703
v -19.100561 -0.006901 22.779581
v -23.233040 -0.500003 21.168982
v -22.700430 -0.078069 21.010809
v -22.700430 -0.500003 21.010809
v -23.233040 -0.078069 21.168982
v -18.771151 0.299997 19.370270
v -19.123960 0.299997 19.118841
v -19.123981 0.299997 19.206619
v -18.648350 0.299997 19.325310
v -20.596500 -0.471084 22.059629
v -20.820459 -0.006900 21.119450
v -20.820459 -0.471083 21.119450
v -20.596500 -0.006901 22.059629
v -19.304430 0.297262 21.155880
v -19.330050 0.297262 21.145990
v -19.312851 0.308611 21.136921
v -20.455969 -0.471083 19.037010
v -19.989182 -0.211141 18.470341
v -20.393412 -0.474927 18.716209
v -19.772770 0.299997 19.273960
v -19.593210 0.299997 19.257092
v -19.694851 0.299997 19.204571
v -20.265751 0.299997 19.290310
v -20.282219 0.299997 19.434969
v -20.213459 0.299997 19.359940
v -18.244350 0.439997 19.595901
v -23.233040 -0.078069 21.168982
v -22.700430 0.124229 21.010809
v -22.700430 -0.078069 21.010809
v -23.233040 0.124229 21.168982
v -23.441780 -0.078070 21.503231
v -23.441780 0.124228 21.503231
v -23.204370 -0.078070 21.817770
v -23.204370 0.124228 21.817770
v -22.659889 0.124228 21.928341
v -22.664232 0.326526 21.830162
v -22.127281 0.124228 21.770170
v -22.245611 0.326526 21.705841
v -21.918541 0.124229 21.435921
v -22.081541 0.326527 21.443121
v -22.268139 0.326527 21.195902
v -19.408020 0.532112 21.223011
v -19.389011 0.548016 21.221621
v -19.377840 0.547831 21.188271
v -19.369619 0.547919 21.256651
v -19.383270 0.526935 21.272381
v -19.332560 0.548033 21.271572
v -19.330540 0.535198 21.287180
v -19.301231 0.548221 21.256060
v -19.301170 0.524566 21.291981
v -19.279741 0.527138 21.275059
v -19.281481 0.521447 21.273550
v -19.265581 0.524566 21.251720
v -19.268501 0.519156 21.249702
v -19.267900 0.513568 21.223761
v -18.462742 0.439997 20.196600
v -18.362049 0.499831 20.127670
v -18.360910 0.439997 20.115290
v -18.453951 0.505150 20.201389
v -18.465250 0.510149 20.319681
v -18.444311 0.542398 20.309219
v -18.390072 0.477334 20.417002
v -18.376171 0.532294 20.392702
v -18.325991 0.496090 20.414539
v -18.258011 0.511689 20.415190
v -18.264341 0.506198 20.409140
v -18.217072 0.517061 20.391060
v -19.123960 0.299997 19.118841
v -19.593210 0.299997 19.257092
v -19.123981 0.299997 19.206619
v -19.694851 0.299997 19.204571
v -19.123960 0.139997 19.118841
v -19.694851 0.139997 19.204571
v -19.123901 0.056548 18.928501
v -19.752340 0.056548 18.998302
v -19.123840 -0.006900 18.738152
v -19.809841 -0.006900 18.792021
v -19.122662 -0.211141 18.305660
v -19.989182 -0.211141 18.470341
v -20.265751 0.299997 19.290310
v -20.604469 0.299997 19.792469
v -20.282219 0.299997 19.434969
v -20.667801 0.299997 19.757460
v -20.265751 0.139997 19.290310
v -20.667801 0.139997 19.757460
v -20.360861 0.068153 19.163662
v -20.831902 0.068153 19.666740
v -20.455969 0.016309 19.037010
v -20.996000 0.016309 19.576021
v -20.455969 -0.471083 19.037010
v -20.996000 -0.471083 19.576021
v -18.477190 0.439997 20.326080
v -18.396120 0.439997 20.427639
v -18.256901 0.507869 20.439661
v -18.251530 0.439997 20.450741
v -18.198650 0.521051 20.416040
v -18.149620 0.439997 20.369322
v -18.154341 0.525604 20.366751
v -18.136311 0.521827 20.302912
v -18.410492 0.439997 19.434481
v -18.648350 0.299997 19.325310
v -18.648350 0.439997 19.325310
v -18.410492 0.279997 19.434481
v -18.172621 0.439997 19.543619
v -17.815670 0.148326 19.226780
v -17.778511 0.439997 20.495071
v -17.266491 0.217752 20.495071
v -17.958202 0.252708 21.677809
v -17.591190 -0.006901 22.078520
v -18.250801 0.532217 20.165081
v -18.205450 0.496090 20.196011
v -18.237610 0.477357 20.140482
v -18.168640 0.511689 20.253170
v -18.188890 0.548418 20.252430
v -18.160822 0.527671 20.303261
v -18.226879 0.573831 20.326702
v -18.177851 0.532690 20.353750
v -18.211470 0.527671 20.395081
v -18.181812 0.521586 20.351610
v -18.356861 0.573243 20.356941
v -18.291550 0.592657 20.328421
v -18.336100 0.592640 20.319250
v -18.279940 0.573464 20.369572
v -18.269440 0.548418 20.398451
v -19.346210 0.547923 21.173021
v -19.361219 0.557874 21.203020
v -19.344902 0.557868 21.195059
v -19.347549 0.529372 21.153610
v -19.400789 0.513024 21.168001
v -19.346590 0.510298 21.141411
v -19.404652 0.463587 21.164629
v -19.344629 0.463659 21.135342
v -19.344202 0.432828 21.143251
v -18.358690 0.537050 20.151310
v -18.362049 0.499831 20.127670
v -18.270670 0.573195 20.200520
v -18.218922 0.573464 20.258949
v -18.263842 0.592669 20.306309
v -22.493162 -0.000003 20.119081
v -23.048662 0.400297 20.108992
v -23.048662 -0.000003 20.108992
v -22.493162 0.400297 20.119081
v -22.193211 -0.000003 19.863491
v -22.193211 0.400297 19.863491
v -22.324520 0.400297 19.491930
v -22.458902 0.631620 19.530500
v -22.836660 0.631620 19.320581
v -18.358690 0.537050 20.151310
v -18.401621 0.573070 20.230219
v -18.408703 0.573432 20.298491
v -18.367620 0.592657 20.286461
v -19.419661 0.515586 21.225901
v -19.426350 0.463660 21.227770
v -19.418449 0.432828 21.227242
v -19.391840 0.432797 21.281731
v -19.273932 0.535198 21.223162
v -19.263889 0.516376 21.225790
v -19.295130 0.526896 21.172550
v -19.275911 0.508382 21.193090
v -19.285780 0.498782 21.161732
v -23.534321 -0.000003 19.839121
v -23.665630 -0.468628 19.467571
v -23.534321 -0.468628 19.839121
v -23.665630 -0.000003 19.467571
v -23.534321 0.400297 19.839121
v -23.665630 0.400297 19.467571
v -23.399940 0.631620 19.800560
v -23.502081 0.631620 19.511539
v -23.022171 0.631620 20.010469
v -23.048662 -0.468628 20.108992
v -20.394941 0.096713 17.629070
v -20.002161 -0.105585 17.597071
v -20.002161 0.096713 17.597071
v -20.394941 -0.105585 17.629070
v -20.839710 0.096713 17.296110
v -20.839710 -0.105585 17.296110
v -21.075951 0.096713 16.793242
v -21.075951 -0.105585 16.793242
v -19.397161 0.463633 21.287621
v -19.327421 0.470393 21.315331
v -19.334620 0.432577 21.301401
v -19.267361 0.469905 21.286011
v -19.280090 0.432361 21.274752
v -19.260321 0.432577 21.217360
v -19.392941 0.498770 21.282982
v -19.360620 0.508382 21.288912
v -19.326691 0.516376 21.296831
v -19.329180 0.513562 21.293100
v -19.303520 0.519128 21.289341
v -20.466261 0.068152 21.906351
v -20.820459 0.016309 21.119450
v -20.596500 0.016308 22.059629
v -20.642611 0.068153 21.082291
v -20.336010 0.139996 21.753080
v -20.464750 0.139997 21.045120
v -20.336010 0.299996 21.753080
v -20.464750 0.299997 21.045120
v -21.918541 -0.078069 21.435921
v -22.127281 -0.078070 21.770170
v -22.659889 -0.078070 21.928341
v -23.204370 -0.500004 21.817770
v -20.787510 0.139997 20.495071
v -20.954041 0.068153 20.344921
v -20.976040 0.068153 20.475290
v -20.743511 0.139997 20.234341
v -20.787510 0.299997 20.495071
v -20.743511 0.299997 20.234341
v -20.709059 0.299997 20.495071
v -20.681561 0.299997 20.293322
v -21.875620 0.600002 17.762720
v -22.380402 0.266614 17.565531
v -22.323559 0.600002 17.657511
v -21.839521 0.266614 17.692562
v -21.421709 0.266614 18.058790
v -21.839521 -0.061602 17.692562
v -21.421709 -0.061602 18.058790
v -21.421709 -0.563058 18.058790
v -18.135111 0.439997 20.239691
v -18.147360 0.507866 20.241030
v -18.231770 0.439997 20.129702
v -18.360910 0.439997 20.115290
v -22.700430 -0.078069 21.010809
v -22.155951 -0.500003 21.121380
v -22.700430 -0.500003 21.010809
v -22.155951 -0.078069 21.121380
v -22.700430 0.124229 21.010809
v -22.155951 0.124229 21.121380
v -22.696100 0.326527 21.109001
v -19.328871 0.514418 21.309191
v -19.297100 0.521173 21.303902
v -22.727510 -0.061602 17.752100
v -22.380402 0.266614 17.565531
v -22.380402 -0.061602 17.565531
v -22.727510 0.266614 17.752100
v -22.677521 0.266614 18.143002
v -22.569630 0.600002 18.135771
v -22.223610 0.600002 18.439072
v -22.810171 -0.000003 19.222061
v -22.324520 -0.468628 19.491930
v -22.810171 -0.468628 19.222061
v -22.324520 -0.000003 19.491930
v -22.810171 0.400297 19.222061
v -19.367121 0.557868 21.220201
v -19.355030 0.557859 21.240129
v -19.333771 0.557868 21.249691
v -20.336010 0.299996 21.753080
v -20.028950 0.299996 21.797491
v -20.267681 0.299996 21.672661
v -20.020809 0.299996 21.858770
v -20.020809 0.139996 21.858770
v -19.655691 0.299996 21.794611
v -19.655691 0.139996 21.794611
v -20.360861 0.068153 19.163662
v -19.809841 -0.006900 18.792021
v -20.455969 0.016309 19.037010
v -19.752340 0.056548 18.998302
v -20.265751 0.139997 19.290310
v -19.694851 0.139997 19.204571
v -19.694851 0.299997 19.204571
v -23.092180 0.326526 21.743252
v -23.278780 0.326526 21.496031
v -23.114719 0.326527 21.233309
v -21.164572 0.016309 20.455511
v -20.820459 0.016309 21.119450
v -20.642611 0.068153 21.082291
v -17.458719 -0.006900 18.909910
v -16.094561 -0.211141 20.563440
v -16.900850 -0.211141 18.203991
v -16.696661 -0.006900 20.569841
v -21.918541 -0.500004 21.435921
v -18.361691 -0.006900 18.418379
v -18.159950 -0.211141 17.878820
v -19.344629 0.463659 21.135342
v -19.286850 0.432797 21.162981
v -19.344202 0.432828 21.143251
v -19.281662 0.463639 21.156992
v -19.251890 0.514416 21.222101
v -19.123901 0.056548 18.928501
v -18.361691 -0.006900 18.418379
v -19.123840 -0.006900 18.738152
v -18.648350 0.299997 19.325310
v -19.123960 0.139997 19.118841
v -19.123960 0.299997 19.118841
v -18.347870 0.573250 20.187710
v -18.363703 0.592669 20.251219
v -19.219671 0.016308 22.834911
v -20.596500 0.016308 22.059629
v -19.620241 0.068152 22.346842
v -19.437681 0.093554 22.314760
v -20.394941 -0.688044 17.629070
v -20.839710 -0.688044 17.296110
v -20.002161 -0.688044 17.597071
v -21.718832 0.266614 18.636271
v -21.775671 0.600002 18.544281
v -22.259720 0.266614 18.509232
v -22.259720 -0.061602 18.509232
v -18.363562 0.570593 20.354610
v -18.363510 0.536125 20.365870
v -18.360321 0.554267 20.376661
v -18.367302 0.554756 20.340431
v -18.350389 0.586399 20.336271
v -18.352091 0.573063 20.319571
v -19.372709 0.546562 21.254742
v -19.373940 0.528898 21.260370
v -19.373550 0.538195 21.266130
v -19.373001 0.538446 21.247231
v -19.364071 0.554661 21.247040
v -19.363060 0.547827 21.238491
v -19.891470 -0.105585 17.218861
v -19.891470 -0.688044 17.218861
v -19.891470 0.096713 17.218861
v -20.965252 -0.688044 16.415020
v -21.075951 -0.688044 16.793242
v -20.965252 -0.105585 16.415020
v -20.965252 0.096713 16.415020
v -19.347549 0.529372 21.153610
v -19.309031 0.547894 21.188059
v -19.346210 0.547923 21.173021
v -19.344902 0.557868 21.195059
v -19.289680 0.548033 21.223059
v -19.311541 0.557868 21.224541
v -19.317440 0.557874 21.241732
v -21.371719 -0.563058 18.449690
v -21.371719 -0.061602 18.449690
v -21.371719 0.266614 18.449690
v -21.529591 0.600002 18.066031
v -21.488190 0.600002 18.389761
v -20.127703 0.096713 16.715981
v -20.572470 -0.105585 16.383020
v -20.572470 0.096713 16.383020
v -20.127703 -0.105585 16.715981
v -22.493162 -0.468628 20.119081
v -22.193211 -0.468628 19.863491
v -20.839710 0.096713 17.296110
v -20.747581 0.299011 17.221041
v -20.922670 0.299011 16.848310
v -20.417912 0.299011 17.467831
v -20.394941 0.096713 17.629070
v -20.002161 0.096713 17.597071
v -20.126789 0.299011 17.444111
v -20.044741 0.299011 17.163780
v -19.891470 0.096713 17.218861
v -20.127703 0.096713 16.715981
v -19.100561 -0.006901 22.779581
v -19.219671 -0.471084 22.834911
v -19.100561 -0.471084 22.779581
v -19.219671 -0.006901 22.834911
v -19.219671 0.016308 22.834911
v -20.965252 0.096713 16.415020
v -20.549501 0.299011 16.544260
v -20.572470 0.096713 16.383020
v -20.840630 0.299011 16.567982
v -21.164572 0.016309 20.455511
v -20.996000 0.016309 19.576021
v -20.831902 0.068153 19.666740
v -22.727510 -0.563058 17.752100
v -22.380402 -0.061602 17.565531
v -22.380402 -0.563058 17.565531
v -22.727510 -0.061602 17.752100
v -22.677521 -0.061602 18.143002
v -20.667801 0.139997 19.757460
v -20.667801 0.299997 19.757460
v -20.213459 0.299997 19.359940
v -19.772770 0.299997 19.273960
v -20.265751 0.299997 19.290310
v -18.313770 0.599255 20.278770
v -18.336100 0.592640 20.319250
v -18.291550 0.592657 20.328421
v -18.367620 0.592657 20.286461
v -18.363703 0.592669 20.251219
v -19.269430 0.523506 21.284191
v -19.253281 0.521571 21.254280
v -18.335991 0.592657 20.229111
v -18.291431 0.592640 20.238279
v -18.259911 0.592657 20.271082
v -20.466261 0.068152 21.906351
v -19.124081 0.144279 22.286671
v -19.437681 0.093554 22.314760
v -19.655691 0.139996 21.794611
v -19.339331 0.561249 21.222370
v -19.367121 0.557868 21.220201
v -19.355030 0.557859 21.240129
v -19.361219 0.557874 21.203020
v -19.344902 0.557868 21.195059
v -18.701431 -0.090454 23.422703
v -17.591190 -0.006901 22.078520
v -19.100561 -0.006901 22.779581
v -17.186703 -0.162166 22.475931
v -18.701431 -0.471084 23.422703
v -19.245611 0.470393 21.222801
v -21.718832 -0.061602 18.636271
v -20.341101 0.299997 21.172640
v -20.267681 0.299996 21.672661
v -20.363081 0.299997 21.023880
v -20.466021 0.299997 20.901690
v -20.464750 0.299997 21.045120
v -20.363081 0.299997 21.023880
v -20.787510 0.299997 20.495071
v -20.709059 0.299997 20.495071
v -20.464750 0.139997 21.045120
v -20.787510 0.139997 20.495071
v -19.380939 0.307313 21.154591
v -19.393991 0.297262 21.174040
v -19.404690 0.307316 21.164591
v -19.378550 0.297262 21.165831
v -20.604469 0.299997 19.792469
v -20.673000 0.299997 20.182779
v -19.398720 0.432828 21.169870
v -18.263842 0.592669 20.306309
v -19.311541 0.557868 21.224541
v -19.317440 0.557874 21.241732
v -19.323639 0.557859 21.204620
v -19.333771 0.557868 21.249691
v -19.346590 0.510298 21.141411
v -19.266790 0.308107 21.193232
v -19.303982 0.297262 21.200661
v -19.297531 0.309632 21.190220
v -19.262609 0.297262 21.206369
v -18.167261 0.517116 20.300661
v -18.259911 0.592657 20.271082
v -19.323639 0.557859 21.204620
v -18.291431 0.592640 20.238279
v -18.335991 0.592657 20.229111
v -18.347870 0.573250 20.187710
v -18.177151 0.506211 20.251011
v -21.718832 -0.563058 18.636271
v -22.259720 -0.563058 18.509232
v -19.717911 0.299996 21.743021
v -19.140802 0.439996 21.772591
v -18.172621 0.439997 21.446520
v -18.240040 0.439997 21.382870
v -19.124081 0.439996 21.840630
v -22.696100 0.326527 21.109001
v -23.365681 -0.000003 19.211969
v -23.365681 0.400298 19.211969
v -23.365681 0.400298 19.211969
v -23.365681 -0.000003 19.211969
v -23.365681 -0.468628 19.211969
v -22.810171 -0.000003 19.222061
v -22.810171 -0.468628 19.222061
v -20.572470 0.096713 16.383020
v -20.572470 -0.105585 16.383020
v -23.441780 -0.500004 21.503231
v -20.127703 -0.688044 16.715981
v -23.233040 -0.500003 21.168982
v -18.240040 0.439997 21.382870
v -17.877550 0.439997 20.474531
v -18.172621 0.439997 21.446520
v -20.572470 -0.688044 16.383020
v -22.590080 0.631620 20.018332
v -22.356760 0.631620 19.819511
v -22.677521 -0.061602 18.143002
v -22.611040 0.600002 17.812031
v -22.323559 0.600002 17.657511
v -21.839521 -0.563058 17.692562
v -21.718832 -0.563058 18.636271
v -19.655691 0.299996 21.794611
v -19.124081 0.439996 21.840630
v -19.655691 0.439996 21.794611
v -20.549501 0.299011 16.544260
v -20.572470 0.096713 16.383020
v -20.219831 0.299011 16.791050
v -20.572470 -0.688044 16.383020
v -19.124081 0.144279 22.286671
v -17.958202 0.252708 21.677809
v -22.127281 -0.500004 21.770170
v -22.659889 -0.500004 21.928341
v -23.268761 0.631620 19.312731
v -23.268761 0.631620 19.312731
v -20.976040 0.068153 20.475290
v -21.075951 0.096713 16.793242
v -17.186703 -0.162166 22.475931
v -19.122662 -0.211141 18.305660
v -18.159950 -0.211141 17.878820
v -21.164572 -0.471083 20.455511
v -20.996000 -0.471083 19.576021
v -20.336010 0.139996 21.753080
v -22.259720 -0.061602 18.509232
v -22.677521 -0.563058 18.143002
v -22.259720 -0.563058 18.509232
v -20.455969 -0.471083 19.037010
v -19.989182 -0.211141 18.470341
v -18.335991 0.592657 20.229111
vt 1.0000 0.4844
vt 0.0000 0.0000
vt 1.0000 0.0547
vt 1.3555 0.4062
vt 0.0000 0.1602
vt 1.2617 0.0000
vt 0.0000 0.5586
vt 0.5859 0.9922
vt 1.0000 0.8789
vt 0.9023 0.9922
vt 0.5000 0.8789
vt 0.0000 0.8789
vt 0.9336 0.8516
vt 0.6484 0.9844
vt 0.9805 0.9844
vt 0.6602 0.8516
vt 0.6406 0.8516
vt 0.9727 0.9844
vt 0.6484 0.9844
vt 0.9102 0.8516
vt 0.3711 0.8516
vt 0.3242 0.9844
vt 0.6602 0.8516
vt 0.3203 0.9844
vt 0.6484 0.9844
vt 0.3867 0.8516
vt 0.9336 0.8516
vt 0.9805 0.9844
vt 0.6406 0.8516
vt 0.9727 0.9844
vt 0.6484 0.9844
vt 0.9102 0.8516
vt 0.3711 0.8516
vt 0.3242 0.9844
vt 0.3203 0.9844
vt 0.3867 0.8516
vt 0.7109 0.9922
vt 1.5977 0.8984
vt 1.5039 0.9922
vt 0.6680 0.8984
vt 0.5898 0.8789
vt 1.9922 0.9922
vt 0.6328 0.9922
vt 1.9922 0.8789
vt 1.3516 0.0469
vt 1.0391 0.0938
vt 1.0586 0.0000
vt 1.0156 0.3711
vt 1.3281 -0.0352
vt -0.1641 0.3086
vt -0.1641 0.0039
vt 1.3281 0.2656
vt 0.3398 0.9883
vt 1.0234 0.8711
vt 1.0234 0.9883
vt 0.1719 0.8711
vt 1.0430 0.0625
vt 0.0039 0.5195
vt 0.0234 0.0898
vt 1.0234 0.4961
vt -0.1289 0.9922
vt -0.2422 0.9922
vt -0.1797 0.9609
vt -3.1094 0.3711
vt -3.6484 0.0000
vt -3.3906 0.0000
vt 1.1016 0.9883
vt 0.9062 0.9883
vt 1.0000 0.9102
vt 0.0000 0.8711
vt 0.1641 0.9844
vt 0.0039 0.9883
vt 0.0430 0.9922
vt -2.6641 0.3125
vt -4.2031 0.6484
vt -4.2031 0.3125
vt -2.6641 0.6484
vt -1.8516 0.3125
vt -1.8516 0.6484
vt -1.0391 0.3125
vt -1.0391 0.6484
vt 0.5000 0.6484
vt 0.5000 0.9844
vt 2.0391 0.6484
vt 2.0391 0.9844
vt 2.8516 0.6484
vt 2.8516 0.9844
vt 3.6641 0.9844
vt 1.2539 0.5000
vt 1.2695 0.2930
vt 1.4883 0.2969
vt 0.9922 0.2969
vt 0.9883 0.5273
vt 0.6992 0.3008
vt 0.7031 0.4922
vt 0.4609 0.3047
vt 0.5820 0.5508
vt 0.4688 0.5430
vt 0.4688 0.5703
vt 0.3555 0.5586
vt 0.3516 0.5859
vt 0.2383 0.6133
vt 2.2891 0.9688
vt 2.7695 0.8359
vt 2.7773 0.9688
vt 2.2930 0.8125
vt 1.8086 0.7969
vt 1.8320 0.7148
vt 1.2852 0.8906
vt 1.2852 0.7461
vt 1.0117 0.8438
vt 0.6836 0.8086
vt 0.7031 0.8203
vt 0.4648 0.7969
vt 0.0312 0.8711
vt 0.5977 0.9883
vt 0.0000 0.9883
vt 0.6953 0.8789
vt 0.0664 0.8008
vt 0.7227 0.8164
vt 0.0508 0.6289
vt 0.7734 0.6406
vt 0.0352 0.4609
vt 0.8203 0.4609
vt 0.0000 0.0000
vt 1.0000 0.0391
vt 0.0039 0.8750
vt 1.0000 0.9883
vt 0.1055 0.9883
vt 1.0000 0.8789
vt 0.0000 0.7617
vt 1.0000 0.7734
vt 0.0000 0.6367
vt 1.0000 0.6367
vt 0.0000 0.5078
vt 1.0000 0.5000
vt 0.0000 -0.0156
vt 1.0000 -0.0234
vt 1.7930 0.9688
vt 1.2891 0.9688
vt 0.7188 0.8164
vt 0.7188 0.9688
vt 0.4766 0.7852
vt 0.2344 0.9688
vt 0.2266 0.7773
vt -0.0156 0.7891
vt 4.4648 0.8867
vt 4.7695 0.7461
vt 4.7695 0.8867
vt 4.4648 0.7500
vt 4.0000 0.8867
vt 4.0156 0.6094
vt 2.5859 0.8828
vt 2.6133 0.6133
vt 1.4844 0.6406
vt 1.2930 0.3711
vt -0.8047 0.7578
vt -0.5391 0.8555
vt -0.8047 0.9023
vt -0.2227 0.8164
vt -0.2500 0.7148
vt -0.0039 0.7734
vt 0.2109 0.5586
vt 0.2227 0.7578
vt 0.4570 0.7656
vt 0.2266 0.7852
vt 1.2930 0.5508
vt 0.6445 0.0625
vt 1.3203 0.0586
vt 0.6992 0.5547
vt 0.7031 0.7070
vt 1.7031 0.3008
vt 1.4961 0.0859
vt 1.6875 0.0898
vt 1.7070 0.5195
vt 1.4805 0.5977
vt 1.7148 0.6211
vt 1.4766 0.8555
vt 1.7188 0.8633
vt 1.7148 0.9766
vt -1.3320 0.7344
vt -1.3164 0.8359
vt -0.8086 0.5586
vt -0.2578 0.5586
vt 0.1875 0.0664
vt 1.3516 0.3398
vt 0.1562 0.7266
vt 0.1562 0.3398
vt 1.4062 0.7266
vt 2.0156 0.3398
vt 2.0898 0.7266
vt 2.7695 0.7266
vt 2.7695 0.9766
vt 4.0664 0.9766
vt 2.7539 0.7344
vt 2.3086 0.5469
vt 1.8594 0.5469
vt 1.9297 0.0586
vt 1.2422 0.5820
vt 1.2344 0.8516
vt 1.2383 0.9766
vt 0.9922 0.9766
vt 0.2344 0.5000
vt 0.2461 0.6016
vt -0.0312 0.5391
vt 0.0938 0.6406
vt -0.0312 0.6875
vt -1.1719 0.3398
vt -1.8125 0.0156
vt -1.1641 0.0156
vt -1.8359 0.3398
vt -1.1797 0.7266
vt -1.8594 0.7266
vt -1.1797 0.9766
vt -1.8594 0.9766
vt 0.1562 0.9766
vt 0.1562 0.0156
vt 0.9648 0.6445
vt 1.3203 0.5000
vt 1.3203 0.6445
vt 0.9648 0.5000
vt 0.3555 0.6445
vt 0.3555 0.5000
vt -0.2539 0.6445
vt -0.2539 0.5000
vt 0.9883 0.8555
vt 0.7109 0.8320
vt 0.7383 0.9766
vt 0.4727 0.8398
vt 0.4766 0.9766
vt 0.2109 0.9766
vt 0.9883 0.6758
vt 0.8516 0.6289
vt 0.6953 0.5898
vt 0.7031 0.6055
vt 0.5859 0.5820
vt 0.9219 0.6367
vt 0.0039 0.5469
vt 1.0234 0.5234
vt 0.0352 0.6641
vt 0.8203 0.7500
vt 0.0703 0.7852
vt 0.8359 0.8594
vt 0.0352 0.8750
vt 2.8516 0.3125
vt 2.0391 0.3125
vt 0.5000 0.3125
vt -1.0391 -0.0078
vt 1.0000 0.7969
vt 0.8242 0.6406
vt 1.0000 0.6445
vt 0.6523 0.7891
vt 1.0000 0.8984
vt 0.6484 0.8945
vt 0.9922 0.9883
vt 0.7188 0.9883
vt 3.8945 0.9805
vt 5.2344 0.6367
vt 5.2344 0.9805
vt 3.8945 0.6367
vt 2.5547 0.6367
vt 3.8945 0.2891
vt 2.5547 0.2891
vt 2.5547 -0.0508
vt -0.2461 0.9688
vt -0.2539 0.8281
vt -0.8086 0.9688
vt -1.3086 0.9688
vt 5.2031 0.3125
vt 3.6641 -0.0078
vt 5.2031 -0.0078
vt 3.6641 0.3125
vt 5.2031 0.6484
vt 3.6641 0.6484
vt 5.2031 0.9844
vt 0.7109 0.6016
vt 0.5898 0.5703
vt -2.2383 0.2891
vt -2.9453 0.6367
vt -2.9453 0.2891
vt -2.2383 0.6367
vt -1.5312 0.6367
vt -1.5312 0.9805
vt -0.1914 0.9805
vt 3.9453 0.3398
vt 2.5938 0.0156
vt 3.8242 0.0156
vt 2.6797 0.3398
vt 4.0664 0.7266
vt 1.3047 0.0859
vt 1.0039 0.0859
vt 0.6719 0.0898
vt 0.1445 0.8398
vt 0.3906 0.9883
vt 0.1953 0.9883
vt 0.3906 0.8906
vt 0.3555 0.7695
vt 0.7227 0.8984
vt 0.6992 0.7852
vt 1.0000 0.5898
vt 0.0000 0.4648
vt 1.0000 0.4727
vt 0.0000 0.6172
vt 1.0000 0.7070
vt 0.0000 0.7695
vt 0.0000 0.8750
vt -1.0391 0.9844
vt -1.8516 0.9844
vt -2.6641 0.9844
vt 0.0000 0.4609
vt 1.0000 0.5117
vt 1.0000 0.6367
vt 4.0625 0.3711
vt 2.6406 0.0000
vt 4.2344 0.0000
vt 2.6133 0.3711
vt 2.8516 -0.0078
vt 4.7695 0.3711
vt 4.7812 0.0000
vt -0.2773 0.8633
vt -0.0391 0.9766
vt -0.2812 0.9766
vt -0.0352 0.8711
vt 0.2344 0.6133
vt 0.8945 0.6797
vt 0.1328 0.5000
vt 0.9258 0.5000
vt 0.2969 0.8711
vt 0.8633 0.7266
vt 0.8633 0.8711
vt 2.7461 0.5508
vt 2.3281 0.0586
vt 1.3672 0.4297
vt 0.0039 0.5703
vt 0.8828 0.6133
vt 1.0859 0.6055
vt 0.9648 0.0742
vt 0.3555 0.0742
vt 1.3203 0.0742
vt 1.1406 0.6367
vt 1.1406 0.9805
vt -0.1914 0.6367
vt -0.1758 0.2773
vt 1.0156 0.2109
vt 0.9961 0.2656
vt 0.9688 0.2383
vt 1.0625 0.2383
vt 1.0156 0.1875
vt 1.0859 0.2070
vt 1.0156 0.2109
vt 0.9961 0.2656
vt 0.9688 0.2383
vt 1.0625 0.2383
vt 1.0156 0.1875
vt 1.0859 0.2070
vt 1.8828 0.5000
vt 1.8828 0.0742
vt 1.8828 0.6445
vt -0.5898 0.0742
vt -0.2539 0.0742
vt -0.5898 0.5000
vt -0.5898 0.6445
vt -0.2891 0.5195
vt -0.0352 0.3047
vt -0.2930 0.3008
vt -0.3086 0.0898
vt 0.2305 0.3086
vt 0.2383 0.0938
vt 0.4492 0.0938
vt 1.8477 -0.0508
vt 1.8477 0.2891
vt 1.8477 0.6367
vt 2.5547 0.9805
vt 1.8477 0.9805
vt 2.4141 0.6445
vt 3.0000 0.5000
vt 3.0000 0.6445
vt 2.4141 0.5000
vt 1.2930 0.0156
vt 1.9453 0.0156
vt 0.3750 0.6406
vt 0.3750 0.9609
vt -0.2266 0.9609
vt 0.9805 0.9609
vt 0.9805 0.6406
vt 1.3203 0.6406
vt 1.3203 0.9609
vt 1.8906 0.9609
vt 1.8906 0.6406
vt 2.4180 0.6406
vt 1.3945 0.3477
vt 1.1680 0.0430
vt 1.3945 0.0547
vt 1.1680 0.3359
vt 1.1680 0.3555
vt -0.5898 0.6406
vt -0.9961 0.9609
vt -0.9961 0.6406
vt -0.5898 0.9609
vt 1.0000 0.4922
vt 0.0000 0.4766
vt 0.0000 0.6250
vt 5.7344 -0.0508
vt 5.0977 0.2891
vt 5.0977 -0.0508
vt 5.7344 0.2891
vt 6.4688 0.2891
vt 0.0000 0.7734
vt 0.0000 0.8867
vt 1.0000 0.9883
vt 0.1797 0.9883
vt 1.0000 0.8438
vt 0.3906 0.1406
vt 0.6914 0.0781
vt 0.4688 0.0469
vt 0.7266 0.1055
vt 0.4727 0.0664
vt 0.4688 0.5625
vt 0.3477 0.5742
vt 0.3516 0.0625
vt 0.1641 0.1094
vt 0.0820 0.0742
vt 0.0664 0.6836
vt 1.3945 0.6641
vt 0.9609 0.6016
vt 0.7305 0.7812
vt 0.3828 0.1992
vt 0.5000 0.1406
vt 0.4883 0.2539
vt 0.4375 0.0703
vt 0.3477 0.0625
vt -0.9688 0.1484
vt 0.6328 0.4922
vt -1.0508 0.4883
vt 0.8086 0.2109
vt -0.9688 -0.0195
vt 0.2383 0.8438
vt 1.1172 0.2773
vt 0.2109 0.9883
vt 0.7695 0.9883
vt 0.0000 0.9883
vt 0.7773 0.9883
vt 1.0000 0.8672
vt 1.0000 0.9883
vt 0.0000 0.8398
vt 0.0000 0.9883
vt 1.0000 0.7656
vt 0.0000 0.7070
vt 1.5547 0.9609
vt 1.4648 0.9844
vt 1.4688 0.9570
vt 1.5352 0.9883
vt 0.0000 0.9883
vt 0.5703 0.9883
vt 1.4766 0.9766
vt 0.2109 0.0469
vt 0.2617 0.2656
vt 0.3242 0.3320
vt 0.2734 0.1484
vt 0.4141 0.3398
vt -0.2812 0.6211
vt 0.1016 0.9648
vt 0.0195 0.9922
vt 0.0000 0.9609
vt 0.1602 0.9961
vt -0.0117 0.8008
vt -0.2461 0.0664
vt -0.0430 0.0898
vt -0.8281 0.0625
vt -1.3711 0.0625
vt -1.3398 0.5508
vt -0.2422 0.8281
vt 1.0938 -0.0391
vt -0.1562 -0.0430
vt 0.7227 0.9883
vt -0.6328 0.9922
vt 0.4844 0.8828
vt 0.4453 0.9922
vt -0.6250 0.8906
vt -4.2031 0.9844
vt 5.2617 0.3281
vt 5.2617 0.7266
vt -2.5430 0.7266
vt -2.7305 0.3398
vt -2.7539 0.0156
vt -4.0352 0.3477
vt -4.0352 0.0156
vt -0.9961 0.6445
vt -0.9961 0.5000
vt -1.8516 -0.0078
vt 2.4141 0.0742
vt -2.6641 -0.0078
vt 1.5586 0.9922
vt 2.5781 0.9922
vt 1.4844 0.9180
vt 3.0000 0.0742
vt 1.4062 0.9766
vt 2.0898 0.9766
vt -1.5312 0.2891
vt -2.2383 0.9805
vt -2.9453 0.9805
vt 3.8945 -0.0508
vt 1.1406 -0.0508
vt 0.7109 0.8320
vt 1.3945 0.8945
vt 0.7109 0.8906
vt 3.0000 0.9609
vt 3.0000 0.6406
vt 2.4180 0.9609
vt -0.9961 0.0742
vt -0.8906 0.7422
vt 0.4844 0.6953
vt 2.0391 -0.0078
vt 0.5000 -0.0078
vt 5.2617 0.9766
vt -2.5430 0.9766
vt 0.0000 0.5859
vt -0.2266 0.6406
vt 1.0312 0.0000
vt 1.0000 0.0000
vt 0.0000 0.0000
vt 1.0000 0.0156
vt 0.0000 0.0000
vt 0.1328 0.7852
vt 7.7930 0.2891
vt 6.4688 -0.0508
vt 7.7930 -0.0508
vt 1.0000 0.0000
vt 0.0000 0.1992
vt 2.7148 0.0625
vn -0.8878 0.0000 0.4602
vn -0.4907 0.0000 0.8714
vn 0.0000 1.0000 0.0000
vn -0.0000 1.0000 -0.0001
vn -0.0001 1.0000 -0.0000
vn 0.0000 1.0000 0.0001
vn 0.0001 1.0000 0.0000
vn -0.8497 -0.0000 0.5273
vn -0.2847 0.0000 -0.9586
vn -0.9728 0.0000 0.2317
vn 0.2205 -0.7906 -0.5712
vn -0.5946 0.7942 -0.1255
vn -0.7005 0.0000 -0.7136
vn -0.2783 0.2108 -0.9371
vn -0.5996 0.2586 -0.7573
vn -0.9990 -0.0000 0.0441
vn -0.9529 0.3002 0.0421
vn -0.5331 0.0000 0.8460
vn -0.5305 0.2586 0.8073
vn 0.0431 0.2170 0.9752
vn 0.0397 0.4370 0.8986
vn 0.5996 0.2586 0.7573
vn 0.4782 0.5076 0.7167
vn 0.9529 0.3002 -0.0421
vn 0.7776 0.6278 -0.0344
vn 0.4131 0.5076 -0.7561
vn -0.7520 0.6561 0.0637
vn -0.5525 0.8320 0.0507
vn -0.4535 0.7907 -0.4112
vn -0.3871 0.8048 0.4501
vn -0.5306 0.5586 0.6375
vn -0.0010 0.8310 0.5563
vn -0.0723 0.6434 0.7621
vn 0.3832 0.8593 0.3388
vn 0.4283 0.1690 0.8877
vn 0.7178 0.2869 0.6343
vn 0.6863 -0.4003 0.6072
vn 0.9394 0.1579 0.3044
vn 0.8055 -0.5321 0.2608
vn 0.5658 -0.8206 0.0806
vn -0.8658 0.1562 -0.4754
vn -0.5893 0.2932 -0.7528
vn -0.6171 0.1482 -0.7728
vn -0.8074 0.3825 -0.4491
vn -0.8696 0.3944 0.2971
vn -0.7200 0.6561 0.2261
vn -0.4748 0.3608 0.8027
vn -0.3788 0.5586 0.7379
vn -0.0909 0.3797 0.9206
vn 0.2484 -0.2614 0.9327
vn 0.2372 -0.8299 0.5050
vn 0.5530 -0.5555 0.6210
vn -0.1101 0.6710 -0.7332
vn -0.1380 0.3702 -0.9186
vn -0.1222 0.5678 -0.8140
vn -0.1141 0.5787 -0.8075
vn -0.0446 0.9350 -0.3518
vn -0.0319 0.9449 -0.3257
vn -0.0330 0.9277 -0.3719
vn -0.0542 0.9150 -0.3998
vn -0.0546 0.8907 -0.4513
vn -0.0942 0.8634 -0.4957
vn -0.7085 0.3554 -0.6097
vn -0.5721 0.6560 -0.4924
vn -0.6232 0.5692 -0.5363
vn -0.6061 0.5906 -0.5327
vn -0.2658 0.9336 -0.2403
vn -0.2291 0.9480 -0.2210
vn -0.5881 0.5617 -0.5819
vn -0.5931 0.5433 -0.5942
vn -0.7064 -0.0000 -0.7078
vn -0.9354 0.1979 0.2932
vn -0.5027 0.2877 0.8152
vn 0.1110 0.1813 0.9771
vn 0.1981 0.0946 0.9756
vn 0.6035 0.0295 0.7968
vn 0.8757 -0.0150 0.4827
vn 0.8743 0.0627 0.4813
vn 0.9959 0.0301 0.0853
vn 0.4171 0.0000 -0.9089
vn 0.3782 0.5860 -0.7166
vn 0.4171 0.0000 -0.9088
vn 0.2678 0.6038 -0.7508
vn 0.2833 0.7539 -0.5927
vn 0.2273 0.9346 -0.2737
vn 0.3132 0.9497 -0.0048
vn 0.3761 0.9266 -0.0018
vn 0.4312 0.8779 0.2084
vn 0.2980 0.9397 0.1677
vn 0.4108 0.5579 -0.7211
vn 0.7299 0.3803 -0.5681
vn 0.4208 0.3640 -0.8310
vn 0.9272 -0.2873 -0.2403
vn 0.6974 0.6407 -0.3212
vn 0.9832 0.1574 0.0921
vn 0.4478 0.8593 0.2470
vn 0.8389 0.2866 0.4626
vn 0.6116 0.1690 0.7729
vn 0.8020 -0.4009 0.4428
vn -0.2795 0.8048 0.5237
vn 0.0956 0.9139 0.3944
vn -0.1985 0.9117 0.3598
vn 0.1203 0.8310 0.5430
vn 0.0957 0.6434 0.7595
vn -0.2688 0.7887 -0.5530
vn -0.3080 0.9115 -0.2725
vn -0.1920 0.8987 -0.3942
vn -0.3581 0.5849 -0.7278
vn -0.6977 0.3594 -0.6198
vn -0.4142 0.2681 -0.8698
vn -0.7483 -0.0693 -0.6597
vn -0.4375 -0.0668 -0.8968
vn -0.4266 -0.2306 -0.8746
vn 0.1478 0.5812 -0.8003
vn 0.1617 0.3751 -0.9128
vn 0.2814 0.8038 -0.5242
vn 0.5217 0.8344 -0.1774
vn 0.3577 0.9128 0.1973
vn 0.3370 0.0000 0.9415
vn -0.2544 0.2001 0.9462
vn -0.2597 -0.0000 0.9657
vn 0.3439 0.2400 0.9078
vn 0.9657 -0.0000 0.2597
vn 0.9265 0.2819 0.2491
vn 0.7528 0.2400 -0.6129
vn 0.6395 0.4726 -0.6064
vn 0.2376 0.4035 -0.8836
vn -0.5083 0.5848 -0.6321
vn -0.5323 0.7907 -0.3024
vn -0.5282 0.8319 0.1700
vn -0.3847 0.9139 0.1299
vn -0.9238 0.3696 0.1001
vn -0.9962 -0.0550 0.0680
vn -0.9667 -0.2489 0.0594
vn -0.6466 -0.2563 0.7185
vn 0.7507 0.6407 -0.1613
vn 0.9574 -0.2871 -0.0324
vn 0.5582 0.5579 -0.6142
vn 0.8363 0.3801 -0.3952
vn 0.6172 0.2876 -0.7324
vn -0.7638 0.0000 0.6455
vn -0.9657 0.0000 -0.2597
vn -0.7528 0.2400 0.6129
vn -0.9265 0.2819 -0.2491
vn -0.6395 0.4726 0.6064
vn -0.7792 0.5907 -0.2095
vn -0.2376 0.4035 0.8836
vn -0.2770 -0.0000 0.9609
vn 0.6317 -0.0000 0.7753
vn -0.7753 0.0000 0.6317
vn -0.9970 -0.0000 0.0772
vn -0.6807 -0.0461 0.7312
vn 0.0324 -0.1326 0.9906
vn 0.0163 -0.3488 0.9371
vn 0.7325 -0.2102 0.6475
vn 0.6825 -0.4124 0.6034
vn 0.9320 -0.3488 -0.0986
vn -0.6485 0.2847 0.7060
vn -0.2895 0.3799 0.8786
vn 0.0390 -0.2612 0.9645
vn 0.1214 -0.8297 0.5449
vn 0.4043 -0.5556 0.7265
vn -0.3267 0.9422 0.0744
vn -0.7823 0.5955 0.1828
vn -0.8731 0.4410 0.2080
vn -0.3185 0.9458 0.0632
vn -0.7598 0.6336 0.1460
vn -0.8166 0.5578 0.1485
vn -0.8574 0.4905 0.1559
vn -0.6899 0.7129 0.1255
vn 0.9990 -0.0000 -0.0441
vn 0.6057 0.0000 0.7957
vn 0.0441 -0.0000 0.9990
vn -0.8045 0.5782 -0.1358
vn -0.3074 0.9500 -0.0545
vn -0.3040 0.9513 -0.0513
vn -0.8137 0.5653 -0.1355
vn -0.7353 0.6663 -0.1241
vn -0.6967 0.7082 -0.1141
vn 0.4452 0.2303 -0.8653
vn 0.2274 0.1041 -0.9682
vn 0.2229 0.2238 -0.9488
vn 0.4545 0.1139 -0.8834
vn 0.8797 0.1404 -0.4544
vn 0.4575 0.0000 -0.8892
vn 0.8827 -0.0000 -0.4699
vn 0.9310 0.0946 -0.3526
vn 0.8857 0.1814 -0.4274
vn 0.4215 0.2879 -0.8599
vn 0.1308 0.2203 -0.9666
vn 0.1990 0.0000 -0.9800
vn 0.5331 0.0000 -0.8460
vn 0.1945 0.2109 -0.9580
vn 0.5305 0.2586 -0.8073
vn 0.1800 0.4264 -0.8864
vn -0.1025 0.1412 0.9847
vn 0.4127 0.0332 0.9103
vn -0.8892 -0.0000 -0.4575
vn -0.4676 0.1568 -0.8699
vn -0.4734 -0.0000 -0.8808
vn -0.8755 0.1749 -0.4505
vn -0.8797 0.1404 0.4544
vn -0.8328 0.2799 0.4776
vn -0.4452 0.2303 0.8653
vn 0.3388 0.0000 -0.9409
vn 0.7638 0.0000 -0.6455
vn 0.4857 0.0000 -0.8741
vn 0.2544 0.2001 -0.9462
vn -0.4038 0.9139 0.0428
vn -0.2724 0.9116 0.3079
vn 0.0072 0.9139 0.4058
vn -0.2534 0.6039 0.7557
vn -0.0564 0.6557 0.7529
vn -0.1008 0.6706 0.7350
vn 0.1516 0.4829 0.8625
vn 0.1055 0.7031 0.7032
vn -0.0896 0.9284 -0.3606
vn -0.3702 0.8281 -0.4209
vn -0.2834 0.5322 -0.7978
vn -0.0601 0.9431 -0.3270
vn -0.1374 0.5993 -0.7886
vn -0.1248 0.5418 -0.8312
vn -0.1394 0.3456 -0.9280
vn -0.4131 0.5076 0.7561
vn -0.7776 0.6278 0.0344
vn -0.4782 0.5076 -0.7167
vn -0.7894 0.4549 0.4123
vn -0.6798 0.6432 0.3523
vn -0.3029 0.9389 0.1637
vn 0.2047 0.9628 -0.1764
vn 0.3097 0.9508 0.0027
vn 0.1688 0.9708 -0.1706
vn 0.3325 0.9430 0.0149
vn 0.1173 0.9544 -0.2744
vn 0.0840 0.9419 -0.3252
vn 0.3302 -0.0386 -0.9431
vn 0.6339 -0.2561 -0.7298
vn 0.3163 -0.2316 -0.9199
vn 0.6424 -0.0458 -0.7650
vn 0.9647 0.1414 -0.2222
vn -0.1468 0.9227 -0.3566
vn -0.1735 0.9027 -0.3937
vn -0.1491 0.9228 -0.3553
vn -0.0682 0.8476 -0.5263
vn 0.0855 0.6826 -0.7258
vn 0.3982 -0.0000 -0.9173
vn -0.3829 0.7887 -0.4810
vn -0.3601 0.9115 -0.1989
vn -0.4579 0.3571 0.8141
vn -0.3984 0.5734 0.7159
vn -0.0975 0.9793 0.1772
vn -0.1074 0.9804 0.1652
vn 0.1417 0.1404 0.9799
vn 0.0956 0.2799 0.9553
vn -0.4545 0.1139 0.8834
vn -0.3822 -0.0000 0.9241
vn -0.9667 0.2541 -0.0293
vn -0.9800 0.0604 0.1894
vn -0.9802 0.0601 0.1886
vn -0.9651 0.2595 -0.0360
vn -0.8665 0.4298 -0.2537
vn -0.8663 0.4296 -0.2548
vn -0.9371 0.2543 -0.2391
vn -0.9978 0.0604 -0.0285
vn -0.9978 0.0600 -0.0296
vn -0.9341 0.2598 -0.2451
vn -0.7904 0.4301 -0.4362
vn -0.7900 0.4299 -0.4371
vn 0.9970 -0.0000 -0.0771
vn -0.6316 -0.0000 -0.7753
vn 0.3187 0.5812 -0.7488
vn 0.3889 0.8038 -0.4501
vn 0.2366 0.7770 -0.5834
vn 0.1705 0.8980 -0.4057
vn 0.5478 0.8345 -0.0595
vn 0.4037 0.9139 -0.0428
vn 0.3060 0.9128 0.2705
vn 0.8892 -0.0000 0.4575
vn 0.8755 0.1749 0.4505
vn 0.8328 0.2799 -0.4776
vn 0.8276 0.3657 0.4258
vn 0.7753 0.0000 -0.6316
vn 0.5993 0.0000 -0.8005
vn -0.6684 0.5065 0.5446
vn -0.8068 0.5781 0.1218
vn -0.2823 0.5781 0.7656
vn -0.1837 0.5998 0.7788
vn 0.4522 0.6982 0.5550
vn 0.8068 0.5781 -0.1218
vn 0.7998 0.5998 -0.0225
vn 0.6684 0.5065 -0.5446
vn 0.4344 0.5736 0.6945
vn 0.4213 0.0000 0.9069
vn 0.3456 0.6296 0.6959
vn -0.4522 0.6982 -0.5550
vn -0.0633 0.6264 -0.7769
vn -0.7939 0.5891 -0.1508
vn -0.8301 0.5348 -0.1577
vn -0.3128 0.9483 -0.0540
vn -0.0057 -0.0000 -1.0000
vn -0.1309 -0.0000 -0.9914
vn -0.8827 0.0000 0.4699
vn -0.7835 0.6089 -0.1244
vn -0.7792 0.6144 -0.1237
vn -0.1225 0.5650 -0.8159
vn -0.0684 0.9899 0.1240
vn 0.0323 0.9926 0.1175
vn -0.1166 0.9926 0.0354
vn -0.1005 0.9934 -0.0554
vn 0.7489 0.0514 0.6606
vn 0.9540 0.0336 0.2979
vn -0.0322 0.9926 -0.1174
vn 0.0684 0.9899 -0.1240
vn 0.1165 0.9926 -0.0354
vn -0.1193 0.9587 0.2582
vn -0.2121 0.9341 0.2873
vn -0.1425 0.9750 0.1703
vn -0.2764 0.5380 0.7963
vn -0.1215 0.9926 0.0091
vn -0.0938 0.9899 0.1061
vn -0.0860 0.9934 -0.0760
vn -0.0059 0.9926 -0.1217
vn 0.3950 0.6637 0.6352
vn 0.1443 0.9517 0.2708
vn 0.0859 0.9790 0.1849
vn 0.2430 0.9159 0.3195
vn 0.5300 -0.0000 0.8480
vn 0.9872 -0.1325 -0.0890
vn 0.1309 -0.0000 0.9914
vn -0.5503 0.7700 0.3229
vn -0.7191 0.5521 0.4220
vn -0.7530 0.4926 0.4363
vn -0.6786 0.6171 0.3982
vn -0.2789 -0.7639 -0.5819
vn -0.2651 -0.7724 -0.5771
vn -0.2391 -0.7878 -0.5676
vn -0.3160 -0.7396 -0.5942
vn -0.7256 -0.2493 -0.6414
vn 0.1005 0.9934 0.0554
vn 0.1215 0.9926 -0.0091
vn 0.0860 0.9934 0.0760
vn 0.0938 0.9899 -0.1061
vn 0.0058 0.9926 0.1216
vn 0.3556 0.3454 -0.8685
vn 0.0789 -0.7332 -0.6755
vn 0.0576 -0.6912 -0.7204
vn 0.0412 -0.6569 -0.7528
vn 0.0898 -0.7539 -0.6509
vn 0.8423 -0.5332 0.0790
vn 0.3848 0.9139 -0.1297
vn 0.2725 0.9115 -0.3081
vn 0.1988 0.9115 -0.3601
vn 0.0779 0.8979 -0.4332
vn 0.1036 0.7770 -0.6210
vn 0.5694 -0.8209 -0.0444
vn -0.2286 -0.0000 0.9735
vn 0.1318 0.9388 0.3183
vn 0.1235 0.9395 0.3195
vn -0.2575 0.4264 -0.8671
vn 0.0182 0.0000 -0.9998
vn 0.0179 0.1736 -0.9847
vn -0.6244 0.2707 -0.7327
vn -0.4523 0.0000 -0.8919
vn -0.3371 0.0000 -0.9415
vn -0.0812 0.0000 -0.9967
vn -0.8482 0.0000 -0.5297
vn 0.3242 0.9364 0.1343
vn 0.2491 0.4726 0.8454
vn 0.7792 0.5907 0.2095
vn -0.8276 0.3657 -0.4258
vn -0.4504 0.3080 -0.8380
vn 0.4735 -0.0000 0.8808
vn -0.0862 0.0000 0.9963
vn -0.3970 0.5965 0.6976
vn 0.5206 0.4952 -0.6955
vn 0.6685 0.5065 -0.5446
vn 0.1623 0.9022 0.3996
vn 0.1729 0.8654 0.4704
vn 0.0167 0.3934 -0.9192
vn -0.5554 0.5166 -0.6517
vn -0.3036 0.9375 0.1701
vn -0.7998 0.5999 0.0226
vn 0.2519 0.9572 0.1427
vn -0.1777 0.8917 -0.4162
vn -0.1802 0.8957 -0.4064
vn -0.9821 0.0000 -0.1882
vn -0.2488 0.6224 0.7421
vn -0.9728 0.0001 0.2317
vn -0.9728 -0.0001 0.2317
vn -0.6592 -0.0000 0.7520
vn -0.5287 0.3214 -0.7856
vn -0.6137 0.7751 -0.1500
vn -0.2732 0.8988 -0.3429
usemtl m3
s 1
f 732/732/565 733/733/565 734/734/565
f 735/735/566 736/736/566 737/737/566
f 736/736/566 735/735/566 738/738/566
f 739/739/567 740/740/567 741/741/567
f 740/740/567 739/739/567 742/742/567
f 743/743/567 742/742/567 739/739/567
f 744/744/568 745/745/568 746/746/568
f 745/745/568 744/744/568 747/747/568
f 748/748/569 749/749/569 750/750/569
f 749/749/569 748/748/569 751/751/569
f 752/752/569 750/750/569 753/753/569
f 750/750/569 752/752/569 748/748/569
f 754/754/570 755/755/570 756/756/570
f 755/755/570 754/754/570 757/757/570
f 758/758/570 756/756/570 759/759/570
f 756/756/570 758/758/570 754/754/570
f 760/760/571 761/761/571 762/762/571
f 761/761/571 760/760/571 763/763/571
f 764/764/571 762/762/571 765/765/571
f 762/762/571 764/764/571 760/760/571
f 747/747/568 766/766/568 745/745/568
f 766/766/568 747/747/568 767/767/568
f 768/768/567 769/769/567 770/770/567
f 769/769/567 768/768/567 771/771/567
f 772/772/567 773/773/567 774/774/567
f 773/773/567 772/772/567 775/775/567
f 776/776/572 777/777/572 778/778/572
f 777/777/572 776/776/572 779/779/572
f 780/780/573 781/781/573 782/782/573
f 781/781/573 780/780/573 783/783/573
f 784/784/567 785/785/567 786/786/567
f 785/785/567 784/784/567 787/787/567
f 788/788/574 789/789/574 790/790/574
f 789/789/574 788/788/574 791/791/574
f 792/792/575 793/793/575 794/794/575
f 795/795/576 796/796/576 797/797/576
f 798/798/567 799/799/567 800/800/567
f 801/801/567 802/802/567 803/803/567
f 804/804/567 743/743/567 739/739/567
f 805/805/577 806/806/578 807/807/573
f 806/806/578 805/805/577 808/808/579
f 809/809/580 808/808/579 805/805/577
f 808/808/579 809/809/580 810/810/581
f 811/811/582 810/810/581 809/809/580
f 810/810/581 811/811/582 812/812/583
f 813/813/584 812/812/583 811/811/582
f 812/812/583 813/813/584 814/814/585
f 815/815/586 814/814/585 813/813/584
f 814/814/585 815/815/586 816/816/587
f 817/817/588 816/816/587 815/815/586
f 816/816/587 817/817/588 818/818/589
f 819/819/590 818/818/589 817/817/588
f 820/820/591 821/821/592 822/822/593
f 821/821/592 820/820/591 823/823/594
f 824/824/595 823/823/594 820/820/591
f 823/823/594 824/824/595 825/825/596
f 826/826/597 825/825/596 824/824/595
f 825/825/596 826/826/597 827/827/598
f 828/828/599 827/827/598 826/826/597
f 827/827/598 828/828/599 829/829/600
f 830/830/601 829/829/600 828/828/599
f 829/829/600 830/830/601 831/831/602
f 832/832/603 831/831/602 830/830/601
f 831/831/602 832/832/603 833/833/604
f 834/834/605 835/835/606 836/836/607
f 835/835/606 834/834/605 837/837/608
f 838/838/609 837/837/608 834/834/605
f 837/837/608 838/838/609 839/839/610
f 840/840/611 839/839/610 838/838/609
f 839/839/610 840/840/611 841/841/612
f 842/842/613 841/841/612 840/840/611
f 841/841/612 842/842/613 843/843/614
f 844/844/615 843/843/614 842/842/613
f 843/843/614 844/844/615 845/845/616
f 846/846/617 847/847/567 848/848/567
f 847/847/567 846/846/617 849/849/618
f 850/850/619 849/849/618 846/846/617
f 849/849/618 850/850/619 851/851/620
f 852/852/621 851/851/620 850/850/619
f 851/851/620 852/852/621 853/853/622
f 854/854/623 853/853/622 852/852/621
f 853/853/622 854/854/623 855/855/624
f 856/856/625 855/855/624 854/854/623
f 855/855/624 856/856/625 857/857/626
f 858/858/627 859/859/567 860/860/567
f 859/859/567 858/858/627 861/861/628
f 862/862/629 861/861/628 858/858/627
f 861/861/628 862/862/629 863/863/630
f 864/864/631 863/863/630 862/862/629
f 863/863/630 864/864/631 865/865/632
f 866/866/633 865/865/632 864/864/631
f 865/865/632 866/866/633 867/867/634
f 868/868/635 867/867/634 866/866/633
f 867/867/634 868/868/635 869/869/635
f 870/870/636 838/838/609 834/834/605
f 838/838/609 870/870/636 840/840/611
f 871/871/637 840/840/611 870/870/636
f 840/840/611 871/871/637 872/872/638
f 873/873/639 872/872/638 871/871/637
f 872/872/638 873/873/639 874/874/640
f 875/875/641 874/874/640 873/873/639
f 874/874/640 875/875/641 876/876/642
f 877/877/643 876/876/642 875/875/641
f 878/878/644 879/879/645 880/880/646
f 879/879/645 878/878/644 881/881/647
f 882/882/648 881/881/647 878/878/644
f 881/881/647 882/882/648 883/883/649
f 884/884/650 883/883/649 882/882/648
f 883/883/649 884/884/650 885/885/651
f 886/886/652 885/885/651 884/884/650
f 885/885/651 886/886/652 887/887/653
f 888/888/654 889/889/655 890/890/656
f 889/889/655 888/888/654 891/891/657
f 892/892/658 891/891/657 888/888/654
f 891/891/657 892/892/658 893/893/659
f 894/894/660 893/893/659 892/892/658
f 893/893/659 894/894/660 895/895/661
f 896/896/662 895/895/661 894/894/660
f 895/895/661 896/896/662 897/897/663
f 898/898/664 899/899/665 900/900/666
f 899/899/665 898/898/664 901/901/667
f 841/841/612 901/901/667 898/898/664
f 901/901/667 841/841/612 902/902/668
f 843/843/614 902/902/668 841/841/612
f 902/902/668 843/843/614 896/896/662
f 845/845/616 896/896/662 843/843/614
f 896/896/662 845/845/616 897/897/663
f 903/903/669 904/904/670 905/905/671
f 904/904/670 903/903/669 822/822/593
f 906/906/672 822/822/593 903/903/669
f 822/822/593 906/906/672 907/907/673
f 908/908/674 907/907/673 906/906/672
f 907/907/673 908/908/674 909/909/675
f 910/910/676 909/909/675 908/908/674
f 909/909/675 910/910/676 911/911/677
f 912/912/678 890/890/656 913/913/679
f 890/890/656 912/912/678 888/888/654
f 914/914/680 888/888/654 912/912/678
f 888/888/654 914/914/680 892/892/658
f 915/915/681 892/892/658 914/914/680
f 892/892/658 915/915/681 894/894/660
f 916/916/682 894/894/660 915/915/681
f 917/917/683 918/918/684 919/919/685
f 918/918/684 917/917/683 920/920/686
f 921/921/687 920/920/686 917/917/683
f 920/920/686 921/921/687 922/922/688
f 923/923/689 922/922/688 921/921/687
f 922/922/688 923/923/689 924/924/690
f 925/925/691 924/924/690 923/923/689
f 837/837/608 926/926/692 835/835/606
f 926/926/692 837/837/608 927/927/693
f 839/839/610 927/927/693 837/837/608
f 927/927/693 839/839/610 928/928/694
f 898/898/664 928/928/694 839/839/610
f 928/928/694 898/898/664 929/929/695
f 900/900/666 929/929/695 898/898/664
f 907/907/673 820/820/591 822/822/593
f 820/820/591 907/907/673 930/930/696
f 909/909/675 930/930/696 907/907/673
f 930/930/696 909/909/675 931/931/697
f 932/932/698 931/931/697 909/909/675
f 931/931/697 932/932/698 933/933/699
f 831/831/602 827/827/598 829/829/600
f 827/827/598 831/831/602 934/934/700
f 935/935/701 934/934/700 831/831/602
f 934/934/700 935/935/701 936/936/702
f 937/937/703 936/936/702 935/935/701
f 936/936/702 937/937/703 938/938/704
f 939/939/705 940/940/706 941/941/705
f 940/940/706 939/939/705 942/942/706
f 943/943/707 942/942/706 939/939/705
f 942/942/706 943/943/707 944/944/708
f 945/945/709 944/944/708 943/943/707
f 944/944/708 945/945/709 946/946/710
f 943/943/707 947/947/711 945/945/709
f 947/947/711 943/943/707 918/918/684
f 939/939/705 918/918/684 943/943/707
f 918/918/684 939/939/705 919/919/685
f 941/941/705 919/919/685 939/939/705
f 919/919/685 941/941/705 948/948/685
f 949/949/712 950/950/713 951/951/713
f 950/950/713 949/949/712 952/952/712
f 953/953/714 952/952/712 949/949/712
f 952/952/712 953/953/714 954/954/714
f 955/955/715 954/954/714 953/953/714
f 954/954/714 955/955/715 956/956/715
f 933/933/699 957/957/716 931/931/697
f 957/957/716 933/933/699 958/958/717
f 959/959/718 958/958/717 933/933/699
f 958/958/717 959/959/718 960/960/719
f 961/961/720 960/960/719 959/959/718
f 960/960/719 961/961/720 962/962/721
f 963/963/722 820/820/591 930/930/696
f 820/820/591 963/963/722 824/824/595
f 964/964/723 824/824/595 963/963/722
f 824/824/595 964/964/723 965/965/724
f 966/966/725 965/965/724 964/964/723
f 965/965/724 966/966/725 967/967/726
f 968/968/727 969/969/728 970/970/729
f 969/969/728 968/968/727 971/971/730
f 972/972/731 971/971/730 968/968/727
f 971/971/730 972/972/731 973/973/732
f 974/974/733 973/973/732 972/972/731
f 973/973/732 974/974/733 975/975/734
f 815/815/586 976/976/735 817/817/588
f 976/976/735 815/815/586 977/977/736
f 813/813/584 977/977/736 815/815/586
f 977/977/736 813/813/584 978/978/737
f 811/811/582 978/978/737 813/813/584
f 978/978/737 811/811/582 979/979/582
f 980/980/738 981/981/739 982/982/740
f 981/981/739 980/980/738 983/983/741
f 984/984/742 983/983/741 980/980/738
f 983/983/741 984/984/742 985/985/743
f 986/986/567 985/985/743 984/984/742
f 985/985/743 986/986/567 987/987/567
f 988/988/744 989/989/745 990/990/746
f 989/989/745 988/988/744 991/991/747
f 992/992/748 991/991/747 988/988/744
f 991/991/747 992/992/748 993/993/749
f 994/994/750 993/993/749 992/992/748
f 993/993/749 994/994/750 995/995/750
f 996/996/751 877/877/643 875/875/641
f 877/877/643 996/996/751 997/997/752
f 998/998/753 997/997/752 996/996/751
f 997/997/752 998/998/753 890/890/656
f 999/999/754 890/890/656 998/998/753
f 890/890/656 999/999/754 913/913/679
f 1000/1000/755 1001/1001/756 1002/1002/755
f 1001/1001/756 1000/1000/755 1003/1003/756
f 1004/1004/757 1003/1003/756 1000/1000/755
f 1003/1003/756 1004/1004/757 1005/1005/758
f 1006/1006/759 1005/1005/758 1004/1004/757
f 1005/1005/758 1006/1006/759 819/819/590
f 1007/1007/760 958/958/717 1008/1008/761
f 958/958/717 1007/1007/760 957/957/716
f 963/963/722 957/957/716 1007/1007/760
f 957/957/716 963/963/722 931/931/697
f 930/930/696 931/931/697 963/963/722
f 1009/1009/762 1010/1010/763 1011/1011/764
f 1010/1010/763 1009/1009/762 1012/1012/765
f 1013/1013/766 1012/1012/765 1009/1009/762
f 1012/1012/765 1013/1013/766 1014/1014/767
f 1015/1015/768 1014/1014/767 1013/1013/766
f 1016/1016/769 1017/1017/770 1018/1018/771
f 1017/1017/770 1016/1016/769 1019/1019/770
f 1020/1020/772 1019/1019/770 1016/1016/769
f 1019/1019/770 1020/1020/772 923/923/689
f 925/925/691 923/923/689 1020/1020/772
f 821/821/592 904/904/670 822/822/593
f 904/904/670 821/821/592 1021/1021/773
f 823/823/594 1021/1021/773 821/821/592
f 1021/1021/773 823/823/594 1022/1022/774
f 1023/1023/775 1022/1022/774 823/823/594
f 1024/1024/776 1025/1025/567 1026/1026/567
f 1025/1025/567 1024/1024/776 1027/1027/777
f 1028/1028/778 1027/1027/777 1024/1024/776
f 1027/1027/777 1028/1028/778 1029/1029/779
f 1030/1030/780 1029/1029/779 1028/1028/778
f 1031/1031/781 1032/1032/782 1033/1033/783
f 1032/1032/782 1031/1031/781 1034/1034/784
f 1035/1035/785 1034/1034/784 1031/1031/781
f 1034/1034/784 1035/1035/785 1036/1036/786
f 1037/1037/787 1036/1036/786 1035/1035/785
f 1038/1038/788 812/812/583 814/814/585
f 812/812/583 1038/1038/788 810/810/581
f 1039/1039/789 810/810/581 1038/1038/788
f 810/810/581 1039/1039/789 1040/1040/790
f 733/733/565 732/732/565 1041/1041/791
f 1042/1042/792 1041/1041/791 732/732/565
f 1041/1041/791 1042/1042/792 1043/1043/793
f 1044/1044/794 1045/1045/795 1046/1046/796
f 1045/1045/795 1044/1044/794 1047/1047/797
f 885/885/651 1047/1047/797 1044/1044/794
f 1047/1047/797 885/885/651 887/887/653
f 817/817/588 1005/1005/758 819/819/590
f 1005/1005/758 817/817/588 1003/1003/756
f 976/976/735 1003/1003/756 817/817/588
f 1003/1003/756 976/976/735 1048/1048/735
f 1049/1049/798 1046/1046/796 1050/1050/799
f 1046/1046/796 1049/1049/798 1044/1044/794
f 883/883/649 1044/1044/794 1049/1049/798
f 1044/1044/794 883/883/649 885/885/651
f 1051/1051/800 1052/1052/801 1053/1053/802
f 1052/1052/801 1051/1051/800 1054/1054/803
f 938/938/704 1054/1054/803 1051/1051/800
f 1054/1054/803 938/938/704 1055/1055/804
f 1056/1056/805 1057/1057/806 1058/1058/807
f 1057/1057/806 1056/1056/805 1059/1059/808
f 1060/1060/809 1059/1059/808 1056/1056/805
f 1059/1059/808 1060/1060/809 1061/1061/810
f 901/901/667 916/916/682 899/899/665
f 916/916/682 901/901/667 894/894/660
f 902/902/668 894/894/660 901/901/667
f 894/894/660 902/902/668 896/896/662
f 927/927/693 1062/1062/811 926/926/692
f 1062/1062/811 927/927/693 1063/1063/812
f 928/928/694 1063/1063/812 927/927/693
f 1063/1063/812 928/928/694 929/929/695
f 1064/1064/813 1065/1065/814 735/735/566
f 1065/1065/814 1064/1064/813 1066/1066/815
f 1067/1067/816 1066/1066/815 1064/1064/813
f 1066/1066/815 1067/1067/816 1030/1030/780
f 1068/1068/712 954/954/714 1069/1069/714
f 954/954/714 1068/1068/712 952/952/712
f 1070/1070/713 952/952/712 1068/1068/712
f 952/952/712 1070/1070/713 950/950/713
f 1015/1015/768 1071/1071/817 1072/1072/818
f 1071/1071/817 1015/1015/768 1073/1073/819
f 1013/1013/766 1073/1073/819 1015/1015/768
f 1073/1073/819 1013/1013/766 1074/1074/820
f 1075/1075/821 1076/1076/822 1077/1077/823
f 1076/1076/822 1075/1075/821 1078/1078/824
f 1079/1079/825 1078/1078/824 1075/1075/821
f 1078/1078/824 1079/1079/825 1080/1080/826
f 1081/1081/827 1082/1082/828 1083/1083/829
f 1082/1082/828 1081/1081/827 1084/1084/830
f 1085/1085/831 1084/1084/830 1081/1081/827
f 1084/1084/830 1085/1085/831 1086/1086/832
f 1087/1087/833 1070/1070/713 1088/1088/833
f 1070/1070/713 1087/1087/833 950/950/713
f 1089/1089/833 950/950/713 1087/1087/833
f 950/950/713 1089/1089/833 951/951/713
f 956/956/715 1090/1090/834 1091/1091/715
f 1090/1090/834 956/956/715 1092/1092/834
f 955/955/715 1092/1092/834 956/956/715
f 1092/1092/834 955/955/715 1093/1093/834
f 1094/1094/835 936/936/702 938/938/704
f 936/936/702 1094/1094/835 1095/1095/836
f 1096/1096/837 1095/1095/836 1094/1094/835
f 1095/1095/836 1096/1096/837 1097/1097/838
f 1095/1095/836 934/934/700 936/936/702
f 934/934/700 1095/1095/836 1098/1098/839
f 1099/1099/840 1098/1098/839 1095/1095/836
f 1098/1098/839 1099/1099/840 1100/1100/841
f 994/994/750 1101/1101/842 995/995/750
f 1101/1101/842 994/994/750 1102/1102/842
f 992/992/748 1102/1102/842 994/994/750
f 1102/1102/842 992/992/748 1103/1103/843
f 1104/1104/844 992/992/748 988/988/744
f 992/992/748 1104/1104/844 1103/1103/843
f 1105/1105/845 1103/1103/843 1104/1104/844
f 1103/1103/843 1105/1105/845 1072/1072/818
f 965/965/724 826/826/597 824/824/595
f 826/826/597 965/965/724 828/828/599
f 967/967/726 828/828/599 965/965/724
f 828/828/599 967/967/726 830/830/601
f 1106/1106/846 1107/1107/847 1108/1108/847
f 1107/1107/847 1106/1106/846 1109/1109/846
f 1089/1089/833 1109/1109/846 1106/1106/846
f 1109/1109/846 1089/1089/833 1087/1087/833
f 1110/1110/683 919/919/685 948/948/685
f 919/919/685 1110/1110/683 917/917/683
f 1111/1111/687 917/917/683 1110/1110/683
f 917/917/683 1111/1111/687 921/921/687
f 1112/1112/848 1113/1113/848 1114/1114/849
f 1113/1113/848 1112/1112/848 1115/1115/850
f 1116/1116/851 1115/1115/850 1112/1112/848
f 1115/1115/850 1116/1116/851 1117/1117/852
f 1117/1117/852 1118/1118/852 1115/1115/850
f 1118/1118/852 1117/1117/852 1119/1119/853
f 1120/1120/854 1119/1119/853 1117/1117/852
f 1119/1119/853 1120/1120/854 1121/1121/855
f 1122/1122/856 1123/1123/857 1124/1124/857
f 1123/1123/857 1122/1122/856 1125/1125/857
f 1126/1126/858 1125/1125/857 1122/1122/856
f 1127/1127/859 1128/1128/860 1129/1129/860
f 1128/1128/860 1127/1127/859 1130/1130/859
f 1114/1114/849 1130/1130/859 1127/1127/859
f 1065/1065/814 738/738/566 735/735/566
f 981/981/739 1131/1131/861 982/982/740
f 1131/1131/861 981/981/739 1132/1132/862
f 1133/1133/863 1132/1132/862 981/981/739
f 1134/1134/762 1135/1135/864 1136/1136/865
f 1135/1135/864 1134/1134/762 1137/1137/762
f 1138/1138/866 1137/1137/762 1134/1134/762
f 983/983/741 1133/1133/863 981/981/739
f 1133/1133/863 983/983/741 1139/1139/867
f 1140/1140/868 1139/1139/867 983/983/741
f 1037/1037/787 1141/1141/567 1142/1142/567
f 1141/1141/567 1037/1037/787 1143/1143/869
f 1035/1035/785 1143/1143/869 1037/1037/787
f 1144/1144/567 1145/1145/870 1146/1146/871
f 1145/1145/870 1144/1144/567 1147/1147/872
f 1148/1148/873 1147/1147/872 1144/1144/567
f 960/960/719 1008/1008/761 958/958/717
f 1008/1008/761 960/960/719 1149/1149/874
f 1150/1150/875 1149/1149/874 960/960/719
f 1144/1144/567 1151/1151/876 1148/1148/873
f 1151/1151/876 1144/1144/567 1152/1152/877
f 1153/1153/878 1152/1152/877 1144/1144/567
f 1066/1066/815 1154/1154/879 1065/1065/814
f 1154/1154/879 1066/1066/815 1028/1028/778
f 1030/1030/780 1028/1028/778 1066/1066/815
f 1155/1155/880 1126/1126/858 1122/1122/856
f 1126/1126/858 1155/1155/880 1156/1156/881
f 1157/1157/882 1156/1156/881 1155/1155/880
f 1135/1135/864 993/993/749 1136/1136/865
f 993/993/749 1135/1135/864 991/991/747
f 989/989/745 991/991/747 1135/1135/864
f 1158/1158/567 1159/1159/883 1160/1160/884
f 1159/1159/883 1158/1158/567 1161/1161/885
f 1162/1162/886 1161/1161/885 1158/1158/567
f 1163/1163/887 1164/1164/888 1165/1165/889
f 1164/1164/888 1163/1163/887 1166/1166/890
f 1167/1167/891 1166/1166/890 1163/1163/887
f 1168/1168/892 1150/1150/875 960/960/719
f 1150/1150/875 1168/1168/892 1055/1055/804
f 1054/1054/803 1055/1055/804 1168/1168/892
f 1071/1071/817 1103/1103/843 1072/1072/818
f 1103/1103/843 1071/1071/817 1102/1102/842
f 1169/1169/893 1102/1102/842 1071/1071/817
f 1170/1170/567 974/974/733 1171/1171/567
f 974/974/733 1170/1170/567 975/975/734
f 1172/1172/567 975/975/734 1170/1170/567
f 1173/1173/567 1174/1174/894 1175/1175/567
f 1174/1174/894 1173/1173/567 1176/1176/895
f 1177/1177/567 1176/1176/895 1173/1173/567
f 1176/1176/895 1178/1178/896 1174/1174/894
f 1178/1178/896 1176/1176/895 1179/1179/897
f 1073/1073/819 1169/1169/893 1071/1071/817
f 1169/1169/893 1073/1073/819 1074/1074/820
f 1180/1180/898 1181/1181/899 1182/1182/900
f 1181/1181/899 1180/1180/898 1183/1183/901
f 1140/1140/868 985/985/743 1184/1184/567
f 985/985/743 1140/1140/868 983/983/741
f 1185/1185/567 985/985/743 987/987/567
f 985/985/743 1185/1185/567 1184/1184/567
f 1186/1186/902 909/909/675 911/911/677
f 909/909/675 1186/1186/902 932/932/698
f 962/962/721 1168/1168/892 960/960/719
f 1168/1168/892 962/962/721 1052/1052/801
f 1187/1187/903 1144/1144/567 1146/1146/871
f 1144/1144/567 1187/1187/903 1153/1153/878
f 935/935/701 833/833/604 937/937/703
f 833/833/604 935/935/701 831/831/602
f 1188/1188/904 1158/1158/567 1189/1189/905
f 1158/1158/567 1188/1188/904 1190/1190/906
f 1191/1191/907 1158/1158/567 1160/1160/884
f 1158/1158/567 1191/1191/907 1189/1189/905
f 1192/1192/908 938/938/704 1051/1051/800
f 938/938/704 1192/1192/908 1094/1094/835
f 1193/1193/909 1194/1194/910 1195/1195/911
f 1194/1194/910 1193/1193/909 1196/1196/912
f 897/897/663 893/893/659 895/895/661
f 893/893/659 897/897/663 1197/1197/913
f 915/915/681 1198/1198/914 916/916/682
f 1198/1198/914 915/915/681 914/914/680
f 1199/1199/915 1095/1095/836 1097/1097/838
f 1095/1095/836 1199/1199/915 1099/1099/840
f 1200/1200/916 914/914/680 1201/1201/917
f 914/914/680 1200/1200/916 1198/1198/914
f 1202/1202/918 914/914/680 912/912/678
f 914/914/680 1202/1202/918 1201/1201/917
f 891/891/657 1203/1203/919 889/889/655
f 1203/1203/919 891/891/657 893/893/659
f 1098/1098/839 827/827/598 934/934/700
f 827/827/598 1098/1098/839 1100/1100/841
f 1100/1100/841 825/825/596 827/827/598
f 825/825/596 1100/1100/841 1023/1023/775
f 1204/1204/920 1074/1074/820 1205/1205/920
f 1074/1074/820 1204/1204/920 1169/1169/893
f 1027/1027/777 1206/1206/567 1025/1025/567
f 1206/1206/567 1027/1027/777 1029/1029/779
f 1207/1207/567 1208/1208/921 1209/1209/567
f 1208/1208/921 1207/1207/567 1210/1210/922
f 1040/1040/790 808/808/579 810/810/581
f 808/808/579 1040/1040/790 1211/1211/923
f 1212/1212/924 1020/1020/772 1016/1016/769
f 1020/1020/772 1212/1212/924 1213/1213/925
f 942/942/706 1214/1214/926 1215/1215/927
f 1214/1214/926 942/942/706 944/944/708
f 1216/1216/928 1217/1217/924 1218/1218/924
f 1217/1217/924 1216/1216/928 1215/1215/927
f 1219/1219/929 1092/1092/834 1093/1093/834
f 1092/1092/834 1219/1219/929 1220/1220/929
f 921/921/687 1019/1019/770 923/923/689
f 1019/1019/770 921/921/687 1111/1111/687
f 1221/1221/580 811/811/582 809/809/580
f 811/811/582 1221/1221/580 979/979/582
f 1088/1088/833 1109/1109/846 1087/1087/833
f 1109/1109/846 1088/1088/833 1222/1222/846
f 1221/1221/580 805/805/577 1223/1223/930
f 805/805/577 1221/1221/580 809/809/580
f 1224/1224/567 884/884/650 1225/1225/567
f 884/884/650 1224/1224/567 1226/1226/931
f 1227/1227/847 1109/1109/846 1222/1222/846
f 1109/1109/846 1227/1227/847 1107/1107/847
f 1091/1091/715 954/954/714 956/956/715
f 954/954/714 1091/1091/715 1069/1069/714
f 1228/1228/932 920/920/686 922/922/688
f 920/920/686 1228/1228/932 947/947/711
f 1229/1229/933 922/922/688 924/924/690
f 922/922/688 1229/1229/933 1228/1228/932
f 1230/1230/866 1013/1013/766 1009/1009/762
f 1013/1013/766 1230/1230/866 1074/1074/820
f 940/940/706 1215/1215/927 1216/1216/928
f 1215/1215/927 940/940/706 942/942/706
f 1231/1231/934 1012/1012/765 1014/1014/767
f 1012/1012/765 1231/1231/934 1232/1232/935
f 1233/1233/749 993/993/749 995/995/750
f 993/993/749 1233/1233/749 1136/1136/865
f 1101/1101/842 1169/1169/893 1234/1234/936
f 1169/1169/893 1101/1101/842 1102/1102/842
f 1235/1235/937 1236/1236/938 1237/1237/937
f 1236/1236/938 1235/1235/937 1157/1157/882
f 1238/1238/939 1121/1121/855 1239/1239/939
f 1121/1121/855 1238/1238/939 1240/1240/940
f 1090/1090/834 1220/1220/929 1241/1241/929
f 1220/1220/929 1090/1090/834 1092/1092/834
f 1242/1242/941 1164/1164/888 1243/1243/942
f 1164/1164/888 1242/1242/941 1165/1165/889
f 1210/1210/922 1243/1243/942 1208/1208/921
f 1243/1243/942 1210/1210/922 1242/1242/941
f 1244/1244/736 977/977/736 978/978/737
f 977/977/736 1244/1244/736 1048/1048/735
f 1245/1245/737 978/978/737 979/979/582
f 978/978/737 1245/1245/737 1244/1244/736
f 925/925/691 1213/1213/925 1246/1246/943
f 1213/1213/925 925/925/691 1020/1020/772
f 1247/1247/944 944/944/708 946/946/710
f 944/944/708 1247/1247/944 1214/1214/926
f 1043/1043/793 1248/1248/945 1041/1041/791
f 1248/1248/945 1043/1043/793 1178/1178/896
f 1249/1249/946 1114/1114/849 1127/1127/859
f 1114/1114/849 1249/1249/946 1112/1112/848
f 1250/1250/947 1047/1047/797 887/887/653
f 1047/1047/797 1250/1250/947 1045/1045/795
f 1251/1251/948 1057/1057/806 1252/1252/949
f 1057/1057/806 1251/1251/948 1058/1058/807
f 1253/1253/950 1132/1132/862 1254/1254/950
f 1132/1132/862 1253/1253/950 1131/1131/861
f 1255/1255/951 1028/1028/778 1024/1024/776
f 1028/1028/778 1255/1255/951 1154/1154/879
f 791/791/952 969/969/728 789/789/953
f 969/969/728 791/791/952 970/970/729
f 1256/1256/954 1257/1257/866 1258/1258/954
f 1257/1257/866 1256/1256/954 1138/1138/866
f 881/881/647 1049/1049/798 879/879/645
f 1049/1049/798 881/881/647 883/883/649
f 1259/1259/955 1032/1032/782 1260/1260/956
f 1032/1032/782 1259/1259/955 1033/1033/783
f 823/823/594 825/825/596 1023/1023/775
f 1138/1138/866 1134/1134/762 1257/1257/866
f 1119/1119/853 1121/1121/855 1240/1240/940
f 1052/1052/801 1054/1054/803 1168/1168/892
f 1155/1155/880 1236/1236/938 1157/1157/882
f 1248/1248/945 1178/1178/896 1179/1179/897
f 886/886/652 884/884/650 1226/1226/931
f 1003/1003/756 1048/1048/735 1001/1001/756
f 976/976/735 977/977/736 1048/1048/735
f 1062/1062/811 1063/1063/812 1261/1261/957
f 839/839/610 841/841/612 898/898/664
f 806/806/578 808/808/579 1211/1211/923
f 893/893/659 1197/1197/913 1203/1203/919
f 1019/1019/770 1111/1111/687 1017/1017/770
f 1190/1190/906 1162/1162/886 1158/1158/567
f 918/918/684 920/920/686 947/947/711
f 1010/1010/763 1012/1012/765 1232/1232/935
o n7b10
v -19.318790 0.538446 21.185911
v -19.311302 0.546562 21.185280
v -19.305861 0.528898 21.183371
v -19.317881 0.554661 21.194790
v -19.326241 0.547827 21.196850
v -19.317081 0.559604 21.207960
v -19.325401 0.553464 21.211990
v -19.309481 0.559356 21.219831
v -19.316591 0.553218 21.225559
v -19.297741 0.554155 21.225719
v -19.303181 0.547193 21.232410
v -19.286510 0.545827 21.223619
v -19.290251 0.537676 21.229931
v -19.279949 0.537740 21.214050
v -19.282721 0.528275 21.219021
v -19.280661 0.532719 21.200871
v -19.283529 0.522595 21.203831
v -19.288342 0.533027 21.189011
v -19.292379 0.522835 21.190203
v -18.290161 0.554756 20.200590
v -18.276171 0.570593 20.196201
v -18.266630 0.536125 20.190241
v -18.284660 0.586399 20.217119
v -18.299702 0.573063 20.224590
v -18.277521 0.596044 20.241850
v -18.291651 0.584063 20.253059
v -18.258001 0.595560 20.261232
v -18.269110 0.583582 20.275162
v -18.233139 0.585412 20.267441
v -18.240652 0.571827 20.282501
v -18.212639 0.569160 20.258661
v -18.217081 0.553255 20.272270
v -18.204231 0.553379 20.237661
v -18.207401 0.534910 20.248302
v -18.211180 0.543581 20.212851
v -18.215401 0.523825 20.219709
v -18.230869 0.544181 20.193531
v -18.238050 0.524293 20.197521
v -19.350889 0.522595 21.280020
v -19.366190 0.533027 21.277071
v -19.365511 0.522835 21.272911
v -19.353481 0.532719 21.283241
v -19.335720 0.528275 21.278959
v -19.340309 0.537740 21.282322
v -19.325821 0.537676 21.270161
v -19.331619 0.545827 21.274651
v -19.324940 0.547193 21.257021
v -19.330912 0.554155 21.263241
v -19.333380 0.553218 21.244551
v -19.338190 0.559356 21.252310
v -19.347931 0.553464 21.237471
v -19.350910 0.559604 21.246231
v -19.287220 0.552756 21.212521
v -19.300360 0.560466 21.210371
v -19.292690 0.555364 21.200541
v -19.305161 0.557791 21.196060
v -19.294981 0.548411 21.189331
v -19.300100 0.538195 21.183050
v -19.373940 0.528898 21.260370
v -19.373550 0.538195 21.266130
v -19.366680 0.548411 21.270441
v -19.372709 0.546562 21.254742
v -19.361261 0.557791 21.259510
v -19.364071 0.554661 21.247040
v -19.363060 0.547827 21.238491
v -18.345402 0.574203 20.381950
v -18.363562 0.570593 20.354610
v -18.360321 0.554267 20.376661
v -18.339720 0.592507 20.358831
v -18.323301 0.587770 20.378809
v -18.310280 0.597727 20.358261
v -18.297703 0.582682 20.381001
v -18.280350 0.585412 20.353010
v -18.276840 0.569160 20.375040
v -18.271610 0.571827 20.338631
v -18.267691 0.553255 20.364021
v -18.290119 0.553379 20.393351
v -18.282803 0.534910 20.385000
v -18.314812 0.543581 20.400702
v -18.311251 0.523825 20.393482
v -18.341652 0.544181 20.394360
v -18.342110 0.524293 20.386152
v -18.363510 0.536125 20.365870
v -18.350389 0.586399 20.336271
v -18.325661 0.596044 20.329121
v -18.298861 0.595560 20.335302
v -18.293001 0.583582 20.318470
v -18.217871 0.568121 20.211630
v -18.218719 0.582682 20.237831
v -18.234232 0.587770 20.217340
v -18.244671 0.597727 20.239321
v -18.259890 0.592507 20.214109
v -19.355280 0.555364 21.271341
v -19.346470 0.560466 21.262520
v -19.342720 0.552756 21.275301
v -18.243361 0.574203 20.196970
v -18.255791 0.554267 20.187181
v -19.328871 0.514418 21.309191
v -19.360620 0.508382 21.288912
v -19.392941 0.498770 21.282982
v -19.329180 0.513562 21.293100
v -19.297100 0.521173 21.303902
v -19.303520 0.519128 21.289341
v -19.281481 0.521447 21.273550
v -18.256901 0.507869 20.439661
v -18.325991 0.496090 20.414539
v -18.390072 0.477334 20.417002
v -18.264341 0.506198 20.409140
v -18.198650 0.521051 20.416040
v -18.217072 0.517061 20.391060
v -18.181812 0.521586 20.351610
v -19.283871 0.545295 21.199511
v -19.355219 0.545295 21.280220
v -18.319410 0.568121 20.395691
v -18.323719 0.584063 20.311190
v -18.352091 0.573063 20.319571
v -18.136311 0.521827 20.302912
v -18.167261 0.517116 20.300661
v -18.154341 0.525604 20.366751
v -19.269430 0.523506 21.284191
v -19.253281 0.521571 21.254280
v -18.177151 0.506211 20.251011
v -18.147360 0.507866 20.241030
v -19.267900 0.513568 21.223761
v -19.251890 0.514416 21.222101
v -19.268501 0.519156 21.249702
v -18.205450 0.496090 20.196011
v -18.237610 0.477357 20.140482
v -19.275911 0.508382 21.193090
v -19.285780 0.498782 21.161732
vt 0.8750 0.9883
vt 0.8477 0.9805
vt 0.9453 0.8672
vt 0.7344 1.0273
vt 0.7461 1.0430
vt 0.6133 1.0000
vt 0.6055 1.0117
vt 0.5273 0.9102
vt 0.5078 0.9102
vt 0.5156 0.7891
vt 0.4922 0.7656
vt 0.5742 0.6797
vt 0.5625 0.6445
vt 0.6875 0.6289
vt 0.6914 0.5859
vt 0.8086 0.6562
vt 0.8320 0.6133
vt 0.8945 0.7500
vt 0.9297 0.7227
vt 0.8750 0.9883
vt 0.8477 0.9805
vt 0.9453 0.8672
vt 0.7344 1.0273
vt 0.7461 1.0430
vt 0.6133 1.0000
vt 0.6055 1.0117
vt 0.5273 0.9102
vt 0.5078 0.9102
vt 0.5156 0.7891
vt 0.4922 0.7656
vt 0.5742 0.6797
vt 0.5625 0.6445
vt 0.6875 0.6289
vt 0.6914 0.5859
vt 0.8086 0.6562
vt 0.8320 0.6133
vt 0.8945 0.7500
vt 0.9297 0.7227
vt 0.2109 0.6328
vt 0.0781 0.6797
vt 0.0781 0.6680
vt 0.1914 0.6523
vt 0.3359 0.6797
vt 0.3008 0.6914
vt 0.4062 0.7852
vt 0.3633 0.7852
vt 0.3984 0.9141
vt 0.3555 0.8945
vt 0.3125 1.0117
vt 0.2812 0.9844
vt 0.1797 1.0430
vt 0.1680 1.0078
vt 0.6250 0.7578
vt 0.6016 0.8906
vt 0.7031 0.8477
vt 0.7188 0.9570
vt 0.8164 0.8672
vt 0.9062 0.8750
vt -0.0039 0.7695
vt 0.0039 0.7695
vt 0.0664 0.7891
vt 0.0000 0.8789
vt 0.0977 0.9062
vt 0.0586 0.9727
vt 0.0547 1.0000
vt 0.0664 0.7891
vt 0.0000 0.8789
vt 0.0039 0.7695
vt 0.0977 0.9062
vt 0.1602 0.8203
vt 0.2227 0.9102
vt 0.2695 0.7969
vt 0.3555 0.8945
vt 0.3633 0.7852
vt 0.3984 0.9141
vt 0.4062 0.7852
vt 0.3008 0.6914
vt 0.3359 0.6797
vt 0.1914 0.6523
vt 0.2109 0.6328
vt 0.0781 0.6797
vt 0.0781 0.6680
vt -0.0039 0.7695
vt 0.0586 0.9727
vt 0.1680 1.0078
vt 0.2812 0.9844
vt 0.3125 1.0117
vt 0.7617 0.7422
vt 0.6250 0.7578
vt 0.7031 0.8477
vt 0.6016 0.8906
vt 0.7188 0.9570
vt 0.1602 0.8203
vt 0.2227 0.9102
vt 0.2695 0.7969
vt 0.8164 0.8672
vt 0.9062 0.8750
vt 0.1445 0.1836
vt 0.1055 0.2695
vt 0.0000 0.1914
vt 0.2188 0.2695
vt 0.3047 0.1836
vt 0.3438 0.2695
vt 0.5078 0.2695
vt 0.1445 0.1836
vt 0.1055 0.2695
vt 0.0000 0.1914
vt 0.2188 0.2695
vt 0.3047 0.1836
vt 0.3438 0.2695
vt 0.5078 0.2695
vt 0.7617 0.7422
vt 0.1719 0.7227
vt 0.1719 0.7227
vt 0.1797 1.0430
vt 0.0547 1.0000
vt 0.7109 0.1836
vt 0.6680 0.2695
vt 0.5078 0.1836
vt 0.5078 0.1836
vt 0.7109 0.1836
vt 0.7891 0.2695
vt 0.8633 0.1836
vt 0.7891 0.2695
vt 0.8633 0.1836
vt 0.6680 0.2695
vt 0.8945 0.2695
vt 1.0000 0.1875
vt 0.8945 0.2695
vt 1.0000 0.1875
vn -0.3578 0.2595 -0.8970
vn -0.1736 0.4383 -0.8819
vn 0.1011 -0.0955 -0.9903
vn -0.4238 0.7336 -0.5312
vn -0.6181 0.6058 -0.5010
vn -0.3751 0.9257 -0.0488
vn -0.5801 0.8134 0.0430
vn -0.1082 0.9108 0.3984
vn -0.2642 0.8040 0.5327
vn 0.3283 0.7247 0.6059
vn 0.2118 0.5858 0.7823
vn 0.7340 0.4035 0.5463
vn 0.6725 0.2355 0.7017
vn 0.9764 0.1122 0.1847
vn 0.9434 -0.1130 0.3117
vn 0.9488 -0.0962 -0.3008
vn 0.9126 -0.3291 -0.2426
vn 0.6641 -0.0686 -0.7445
vn 0.5889 -0.3201 -0.7421
vn -0.5448 0.2596 -0.7973
vn -0.3618 0.4384 -0.8228
vn -0.1173 -0.0954 -0.9885
vn -0.5296 0.7336 -0.4258
vn -0.7125 0.6058 -0.3541
vn -0.3767 0.9257 0.0342
vn -0.5568 0.8134 0.1684
vn -0.0188 0.9108 0.4125
vn -0.1418 0.8040 0.5774
vn 0.4525 0.7247 0.5196
vn 0.3773 0.5858 0.7173
vn 0.8356 0.4033 0.3729
vn 0.8094 0.2352 0.5381
vn 0.9932 0.1120 -0.0324
vn 0.9886 -0.1133 0.0987
vn 0.8605 -0.0966 -0.5003
vn 0.8376 -0.3297 -0.4356
vn 0.4857 -0.0688 -0.8714
vn 0.4130 -0.3202 -0.8526
vn -0.1285 -0.3298 0.9352
vn -0.6574 -0.0686 0.7504
vn -0.6643 -0.3200 0.6755
vn -0.1820 -0.0966 0.9785
vn 0.4251 -0.1134 0.8980
vn 0.3032 0.1119 0.9463
vn 0.7790 0.2348 0.5814
vn 0.6322 0.4031 0.6617
vn 0.8025 0.5857 0.1142
vn 0.6415 0.7247 0.2515
vn 0.4963 0.8040 -0.3276
vn 0.3821 0.9108 -0.1563
vn -0.0286 0.8136 -0.5807
vn -0.0946 0.9258 -0.3660
vn 0.7134 0.6918 0.1120
vn 0.2441 0.9692 0.0316
vn 0.5182 0.7922 -0.3223
vn 0.0706 0.8722 -0.4840
vn 0.4324 0.5316 -0.7283
vn 0.2239 0.1096 -0.9684
vn -0.8546 -0.2459 0.4573
vn -0.8701 0.1254 0.4767
vn -0.6697 0.5317 0.5185
vn -0.7675 0.6224 0.1534
vn -0.4718 0.8722 0.1293
vn -0.4671 0.8290 -0.3075
vn -0.3106 0.7247 -0.6151
vn -0.5404 0.5317 0.6521
vn -0.7156 0.6224 0.3170
vn -0.7452 0.1255 0.6550
vn -0.4321 0.8722 0.2292
vn -0.1293 0.7922 0.5964
vn 0.1118 0.9692 0.2192
vn 0.3453 0.6917 0.6343
vn 0.6808 0.7248 0.1056
vn 0.7610 0.4035 0.5080
vn 0.8079 0.5860 -0.0633
vn 0.8868 0.2354 0.3977
vn 0.5022 0.1122 0.8575
vn 0.6107 -0.1129 0.7838
vn 0.0357 -0.0963 0.9947
vn 0.0783 -0.3293 0.9410
vn -0.4779 -0.0687 0.8757
vn -0.5009 -0.3203 0.8041
vn -0.7341 -0.2461 0.6328
vn -0.5229 0.8290 -0.1982
vn -0.1720 0.9257 -0.3369
vn 0.3389 0.9108 -0.2358
vn 0.4128 0.8041 -0.4278
vn 0.7359 0.4192 -0.5318
vn 0.7207 0.6917 -0.0462
vn 0.4355 0.7922 -0.4274
vn 0.2450 0.9693 -0.0224
vn -0.0367 0.8722 -0.4878
vn -0.2563 0.7922 0.5538
vn 0.0612 0.9693 0.2383
vn 0.1986 0.6917 0.6943
vn 0.2632 0.5316 -0.8051
vn 0.0074 0.1097 -0.9939
vn -0.2008 0.9792 -0.0294
vn -0.2949 0.9379 0.1826
vn -0.3147 0.9239 0.2177
vn -0.1856 0.9815 -0.0478
vn -0.1789 0.9824 -0.0544
vn -0.1868 0.9808 -0.0554
vn -0.1079 0.9902 -0.0883
vn -0.2024 0.9792 0.0151
vn -0.2480 0.9380 0.2423
vn -0.2597 0.9240 0.2808
vn -0.1916 0.9815 -0.0061
vn -0.1865 0.9824 -0.0141
vn -0.1944 0.9808 -0.0133
vn -0.1246 0.9902 -0.0627
vn 0.8340 0.4193 -0.3587
vn -0.2536 0.4193 0.8717
vn -0.0573 0.4193 0.9061
vn -0.1546 0.8134 -0.5607
vn -0.4374 0.7244 -0.5329
vn -0.1274 0.9803 -0.1506
vn -0.1374 0.9779 -0.1575
vn -0.1142 0.9919 -0.0561
vn -0.0992 0.9919 -0.0796
vn -0.0916 0.9803 -0.1748
vn -0.1113 0.9804 -0.1625
vn -0.0968 0.9778 -0.1856
vn -0.0732 0.9804 -0.1829
vn -0.0539 0.9778 -0.2023
vn -0.0999 0.9779 -0.1837
vn 0.0722 0.9382 -0.3386
vn 0.0985 0.9242 -0.3689
vn 0.1444 0.9381 -0.3147
vn 0.1767 0.9242 -0.3385
usemtl m6
s 1
f 1262/1262/958 1263/1263/959 1264/1264/960
f 1263/1263/959 1262/1262/958 1265/1265/961
f 1266/1266/962 1265/1265/961 1262/1262/958
f 1265/1265/961 1266/1266/962 1267/1267/963
f 1268/1268/964 1267/1267/963 1266/1266/962
f 1267/1267/963 1268/1268/964 1269/1269/965
f 1270/1270/966 1269/1269/965 1268/1268/964
f 1269/1269/965 1270/1270/966 1271/1271/967
f 1272/1272/968 1271/1271/967 1270/1270/966
f 1271/1271/967 1272/1272/968 1273/1273/969
f 1274/1274/970 1273/1273/969 1272/1272/968
f 1273/1273/969 1274/1274/970 1275/1275/971
f 1276/1276/972 1275/1275/971 1274/1274/970
f 1275/1275/971 1276/1276/972 1277/1277/973
f 1278/1278/974 1277/1277/973 1276/1276/972
f 1277/1277/973 1278/1278/974 1279/1279/975
f 1280/1280/976 1279/1279/975 1278/1278/974
f 1279/1279/975 1280/1280/976 1264/1264/960
f 1281/1281/977 1282/1282/978 1283/1283/979
f 1282/1282/978 1281/1281/977 1284/1284/980
f 1285/1285/981 1284/1284/980 1281/1281/977
f 1284/1284/980 1285/1285/981 1286/1286/982
f 1287/1287/983 1286/1286/982 1285/1285/981
f 1286/1286/982 1287/1287/983 1288/1288/984
f 1289/1289/985 1288/1288/984 1287/1287/983
f 1288/1288/984 1289/1289/985 1290/1290/986
f 1291/1291/987 1290/1290/986 1289/1289/985
f 1290/1290/986 1291/1291/987 1292/1292/988
f 1293/1293/989 1292/1292/988 1291/1291/987
f 1292/1292/988 1293/1293/989 1294/1294/990
f 1295/1295/991 1294/1294/990 1293/1293/989
f 1294/1294/990 1295/1295/991 1296/1296/992
f 1297/1297/993 1296/1296/992 1295/1295/991
f 1296/1296/992 1297/1297/993 1298/1298/994
f 1299/1299/995 1298/1298/994 1297/1297/993
f 1298/1298/994 1299/1299/995 1283/1283/979
f 1300/1300/996 1301/1301/997 1302/1302/998
f 1301/1301/997 1300/1300/996 1303/1303/999
f 1304/1304/1000 1303/1303/999 1300/1300/996
f 1303/1303/999 1304/1304/1000 1305/1305/1001
f 1306/1306/1002 1305/1305/1001 1304/1304/1000
f 1305/1305/1001 1306/1306/1002 1307/1307/1003
f 1308/1308/1004 1307/1307/1003 1306/1306/1002
f 1307/1307/1003 1308/1308/1004 1309/1309/1005
f 1310/1310/1006 1309/1309/1005 1308/1308/1004
f 1309/1309/1005 1310/1310/1006 1311/1311/1007
f 1312/1312/1008 1311/1311/1007 1310/1310/1006
f 1311/1311/1007 1312/1312/1008 1313/1313/1009
f 1314/1314/1010 1271/1271/967 1273/1273/969
f 1271/1271/967 1314/1314/1010 1315/1315/1011
f 1316/1316/1012 1315/1315/1011 1314/1314/1010
f 1315/1315/1011 1316/1316/1012 1317/1317/1013
f 1318/1318/1014 1317/1317/1013 1316/1316/1012
f 1317/1317/1013 1318/1318/1014 1263/1263/959
f 1319/1319/1015 1263/1263/959 1318/1318/1014
f 1263/1263/959 1319/1319/1015 1264/1264/960
f 1279/1279/975 1264/1264/960 1319/1319/1015
f 1301/1301/997 1320/1320/1016 1302/1302/998
f 1320/1320/1016 1301/1301/997 1321/1321/1017
f 1322/1322/1018 1321/1321/1017 1301/1301/997
f 1321/1321/1017 1322/1322/1018 1323/1323/1019
f 1324/1324/1020 1323/1323/1019 1322/1322/1018
f 1323/1323/1019 1324/1324/1020 1325/1325/1021
f 1313/1313/1009 1325/1325/1021 1324/1324/1020
f 1325/1325/1021 1313/1313/1009 1326/1326/1022
f 1312/1312/1008 1326/1326/1022 1313/1313/1009
f 1327/1327/1023 1328/1328/1024 1329/1329/1025
f 1328/1328/1024 1327/1327/1023 1330/1330/1026
f 1331/1331/1027 1330/1330/1026 1327/1327/1023
f 1330/1330/1026 1331/1331/1027 1332/1332/1028
f 1333/1333/1029 1332/1332/1028 1331/1331/1027
f 1332/1332/1028 1333/1333/1029 1334/1334/1030
f 1335/1335/1031 1334/1334/1030 1333/1333/1029
f 1334/1334/1030 1335/1335/1031 1336/1336/1032
f 1337/1337/1033 1336/1336/1032 1335/1335/1031
f 1338/1338/1034 1337/1337/1033 1335/1335/1031
f 1337/1337/1033 1338/1338/1034 1339/1339/1035
f 1340/1340/1036 1339/1339/1035 1338/1338/1034
f 1339/1339/1035 1340/1340/1036 1341/1341/1037
f 1342/1342/1038 1341/1341/1037 1340/1340/1036
f 1341/1341/1037 1342/1342/1038 1343/1343/1039
f 1344/1344/1040 1343/1343/1039 1342/1342/1038
f 1330/1330/1026 1345/1345/1041 1328/1328/1024
f 1345/1345/1041 1330/1330/1026 1346/1346/1042
f 1332/1332/1028 1346/1346/1042 1330/1330/1026
f 1346/1346/1042 1332/1332/1028 1347/1347/1043
f 1334/1334/1030 1347/1347/1043 1332/1332/1028
f 1347/1347/1043 1334/1334/1030 1348/1348/1044
f 1336/1336/1032 1348/1348/1044 1334/1334/1030
f 1349/1349/1045 1294/1294/990 1296/1296/992
f 1294/1294/990 1349/1349/1045 1350/1350/1046
f 1351/1351/1047 1350/1350/1046 1349/1349/1045
f 1350/1350/1046 1351/1351/1047 1352/1352/1048
f 1353/1353/1049 1352/1352/1048 1351/1351/1047
f 1352/1352/1048 1353/1353/1049 1286/1286/982
f 1284/1284/980 1286/1286/982 1353/1353/1049
f 1315/1315/1011 1269/1269/965 1271/1271/967
f 1269/1269/965 1315/1315/1011 1267/1267/963
f 1317/1317/1013 1267/1267/963 1315/1315/1011
f 1267/1267/963 1317/1317/1013 1265/1265/961
f 1263/1263/959 1265/1265/961 1317/1317/1013
f 1354/1354/1050 1324/1324/1020 1322/1322/1018
f 1324/1324/1020 1354/1354/1050 1355/1355/1051
f 1356/1356/1052 1355/1355/1051 1354/1354/1050
f 1355/1355/1051 1356/1356/1052 1309/1309/1005
f 1307/1307/1003 1309/1309/1005 1356/1356/1052
f 1298/1298/994 1349/1349/1045 1296/1296/992
f 1349/1349/1045 1298/1298/994 1357/1357/1053
f 1358/1358/1054 1357/1357/1053 1298/1298/994
f 1357/1357/1053 1358/1358/1054 1282/1282/978
f 1283/1283/979 1282/1282/978 1358/1358/1054
f 1350/1350/1046 1292/1292/988 1294/1294/990
f 1292/1292/988 1350/1350/1046 1290/1290/986
f 1352/1352/1048 1290/1290/986 1350/1350/1046
f 1290/1290/986 1352/1352/1048 1288/1288/984
f 1286/1286/982 1288/1288/984 1352/1352/1048
f 1359/1359/1055 1360/1360/1056 1361/1361/1057
f 1360/1360/1056 1359/1359/1055 1362/1362/1058
f 1363/1363/1059 1362/1362/1058 1359/1359/1055
f 1362/1362/1058 1363/1363/1059 1364/1364/1060
f 1365/1365/1061 1364/1364/1060 1363/1363/1059
f 1366/1366/1062 1367/1367/1063 1368/1368/1064
f 1367/1367/1063 1366/1366/1062 1369/1369/1065
f 1370/1370/1066 1369/1369/1065 1366/1366/1062
f 1369/1369/1065 1370/1370/1066 1371/1371/1067
f 1372/1372/1068 1371/1371/1067 1370/1370/1066
f 1318/1318/1014 1279/1279/975 1319/1319/1015
f 1279/1279/975 1318/1318/1014 1373/1373/1069
f 1316/1316/1012 1373/1373/1069 1318/1318/1014
f 1373/1373/1069 1316/1316/1012 1314/1314/1010
f 1275/1275/971 1314/1314/1010 1273/1273/969
f 1314/1314/1010 1275/1275/971 1373/1373/1069
f 1277/1277/973 1373/1373/1069 1275/1275/971
f 1373/1373/1069 1277/1277/973 1279/1279/975
f 1356/1356/1052 1305/1305/1001 1307/1307/1003
f 1305/1305/1001 1356/1356/1052 1374/1374/1070
f 1354/1354/1050 1374/1374/1070 1356/1356/1052
f 1374/1374/1070 1354/1354/1050 1322/1322/1018
f 1333/1333/1029 1338/1338/1034 1335/1335/1031
f 1338/1338/1034 1333/1333/1029 1375/1375/1071
f 1331/1331/1027 1375/1375/1071 1333/1333/1029
f 1375/1375/1071 1331/1331/1027 1327/1327/1023
f 1376/1376/1072 1347/1347/1043 1348/1348/1044
f 1347/1347/1043 1376/1376/1072 1346/1346/1042
f 1377/1377/1073 1346/1346/1042 1376/1376/1072
f 1346/1346/1042 1377/1377/1073 1345/1345/1041
f 1353/1353/1049 1282/1282/978 1284/1284/980
f 1282/1282/978 1353/1353/1049 1357/1357/1053
f 1351/1351/1047 1357/1357/1053 1353/1353/1049
f 1357/1357/1053 1351/1351/1047 1349/1349/1045
f 1342/1342/1038 1329/1329/1025 1344/1344/1040
f 1329/1329/1025 1342/1342/1038 1327/1327/1023
f 1375/1375/1071 1327/1327/1023 1342/1342/1038
f 1372/1372/1068 1378/1378/1074 1379/1379/1075
f 1378/1378/1074 1372/1372/1068 1380/1380/1076
f 1370/1370/1066 1380/1380/1076 1372/1372/1068
f 1374/1374/1070 1303/1303/999 1305/1305/1001
f 1303/1303/999 1374/1374/1070 1301/1301/997
f 1322/1322/1018 1301/1301/997 1374/1374/1070
f 1355/1355/1051 1313/1313/1009 1324/1324/1020
f 1313/1313/1009 1355/1355/1051 1311/1311/1007
f 1309/1309/1005 1311/1311/1007 1355/1355/1051
f 1381/1381/1077 1365/1365/1061 1363/1363/1059
f 1365/1365/1061 1381/1381/1077 1382/1382/1078
f 1340/1340/1036 1375/1375/1071 1342/1342/1038
f 1375/1375/1071 1340/1340/1036 1338/1338/1034
f 1383/1383/1079 1378/1378/1074 1384/1384/1080
f 1378/1378/1074 1383/1383/1079 1379/1379/1075
f 1385/1385/1081 1382/1382/1078 1386/1386/1082
f 1382/1382/1078 1385/1385/1081 1387/1387/1083
f 1388/1388/1084 1384/1384/1080 1389/1389/1085
f 1384/1384/1080 1388/1388/1084 1383/1383/1079
f 1390/1390/1086 1386/1386/1082 1391/1391/1087
f 1386/1386/1082 1390/1390/1086 1385/1385/1081
f 1382/1382/1078 1387/1387/1083 1365/1365/1061
f 1298/1298/994 1283/1283/979 1358/1358/1054
o n3b9
v -23.265640 1.271939 19.548071
v -23.314310 1.294112 19.496380
v -23.316912 1.261387 19.579540
v -23.234001 1.276025 19.496380
v -23.219402 1.209779 19.579540
v -23.202881 1.283018 19.548071
v -23.151100 1.290662 19.579540
v -23.148500 1.323388 19.496380
v -23.007851 1.295150 19.652571
v -23.037670 1.362399 19.579210
v -23.068220 1.331083 19.690140
v -22.972681 1.265923 19.588100
v -23.014629 1.174497 19.704580
v -22.935551 1.253312 19.656422
v -22.877151 1.220528 19.700340
v -22.846601 1.251844 19.589401
v -22.842670 1.181149 19.751049
v -22.878912 1.220489 19.699360
v -22.894020 1.191342 19.782520
v -22.811941 1.172627 19.699360
v -22.824209 1.105909 19.782520
v -22.780550 1.166984 19.751049
v -22.729860 1.153912 19.782520
v -22.714750 1.183060 19.699360
v -23.265640 1.271939 19.611021
v -23.314310 1.294112 19.662710
v -23.234001 1.276025 19.662710
v -23.202881 1.283018 19.611021
v -23.148500 1.323388 19.662710
v -22.811941 1.172627 19.865690
v -22.842670 1.181149 19.814001
v -22.780550 1.166984 19.814001
v -22.714750 1.183060 19.865690
v -22.878912 1.220489 19.865690
v -23.007851 1.302630 19.733662
v -23.037670 1.382163 19.793482
v -22.972681 1.285687 19.802370
v -22.935551 1.260791 19.737511
v -22.846601 1.271608 19.803671
v -23.223970 1.219172 19.579540
v -23.291801 1.210758 19.624380
v -23.244841 1.233208 19.624380
v -23.269850 1.196004 19.579540
v -23.291801 1.210758 19.534710
v -22.824770 1.116340 19.782520
v -22.794420 1.151248 19.760101
v -22.825550 1.192176 19.752020
v -22.754171 1.156268 19.792719
v -22.784752 1.120242 19.814550
v -22.806190 1.130165 19.860920
v -22.846441 1.125144 19.828302
v -22.877571 1.166072 19.820230
v -23.219831 1.270413 19.579540
v -23.241770 1.285166 19.534710
v -23.241770 1.285166 19.624380
v -23.011181 1.191114 19.703051
v -22.972662 1.300299 19.751219
v -22.963280 1.255556 19.697111
v -23.020111 1.233938 19.757341
v -23.086309 1.246408 19.756191
v -23.020111 1.223284 19.641840
v -23.086309 1.235754 19.640690
v -22.972662 1.289645 19.635719
v -23.011181 1.191114 19.703051
v -22.959209 1.233940 19.669960
v -22.981979 1.307267 19.652710
v -22.906719 1.233089 19.712421
v -22.959412 1.188499 19.744890
v -23.223970 1.219172 19.579540
v -23.209560 1.263128 19.557119
v -23.254139 1.288752 19.549040
v -23.174421 1.283387 19.589741
v -23.188601 1.238316 19.611570
v -23.212219 1.239127 19.657940
v -23.247351 1.218868 19.625320
v -23.291931 1.244492 19.617250
v -22.824770 1.116340 19.782520
v -22.815550 1.184068 19.827360
v -22.801050 1.161949 19.782520
v -22.838560 1.137382 19.827360
v -22.890551 1.134934 19.827360
v -22.838560 1.137382 19.737690
v -22.890551 1.134934 19.737690
v -22.815550 1.184068 19.737690
v -22.982380 1.216387 19.802570
v -23.034870 1.217237 19.760111
v -23.057640 1.290565 19.742861
v -23.244841 1.233208 19.534710
v -23.268311 1.243680 19.570869
v -23.034672 1.262678 19.685181
v -22.856121 1.156149 19.773851
v -23.076931 1.201666 19.702082
v -23.076931 1.201666 19.702082
v -23.011181 1.191113 19.703051
v -23.086309 1.235754 19.640690
v -22.876060 1.112815 19.782520
v -22.876060 1.112815 19.782530
v -22.824770 1.116339 19.782530
v -22.890551 1.134934 19.737690
vt 0.4961 0.5039
vt 0.0195 0.9883
vt 0.0195 0.0000
vt 1.0000 0.9883
vt 1.0000 0.0000
vt 0.4961 0.5039
vt 0.0195 0.0000
vt 0.0195 0.9883
vt 0.4961 0.5039
vt 0.0195 0.9883
vt 0.0195 0.0000
vt 1.0000 0.9883
vt 1.0000 0.0000
vt 0.4961 0.5039
vt 0.0195 0.0000
vt 0.0195 0.9883
vt 0.4961 0.5039
vt 0.0195 0.9883
vt 0.0195 0.0000
vt 1.0000 0.9883
vt 1.0000 0.0000
vt 0.4961 0.5039
vt 0.0195 0.0000
vt 0.0195 0.9883
vt 0.4961 0.5039
vt 0.0195 0.9883
vt 1.0000 0.9883
vt 0.4961 0.5039
vt 0.0195 0.9883
vt 1.0000 0.9883
vt 0.4961 0.5039
vt 0.4961 0.5039
vt 0.0195 0.9883
vt 0.0195 0.9883
vt 0.4961 0.5039
vt 0.0195 0.9883
vt 1.0000 0.9883
vt 0.4961 0.5039
vt 0.0195 0.9883
vt 1.0000 0.0000
vt 0.0195 0.9883
vt 1.0000 0.9883
vt 0.0195 0.0000
vt 0.0195 0.9883
vt 1.0000 0.0000
vt 0.0195 0.0000
vt 0.0195 0.9883
vt 0.0195 0.9883
vt 1.0000 0.9883
vt 0.0195 0.9883
vt 0.0195 0.0000
vt 0.0195 0.9883
vt 0.0195 0.0000
vt 0.0195 0.9883
vt 0.0195 0.9883
vt 1.0000 0.0000
vt 0.0195 0.9883
vt 0.0195 0.0000
vt 1.0000 0.9883
vt 0.0195 0.9883
vt 1.0000 0.9883
vt 0.0195 0.9883
vt 0.0195 0.9883
vt 1.0000 0.0000
vt 0.0195 0.0000
vt 0.0195 0.9883
vt 0.0195 0.9883
vt 1.0000 0.9883
vt 1.0000 0.0000
vt 0.0195 0.0000
vt 0.0195 0.9883
vt 0.0195 0.9883
vt 1.0000 0.9883
vt 0.0195 0.9883
vt 0.0195 0.0000
vt 0.0195 0.9883
vt 1.0000 0.0000
vt 0.0195 0.9883
vt 0.0195 0.0000
vt 1.0000 0.9883
vt 0.0195 0.9883
vt 1.0000 0.9883
vt 0.0195 0.9883
vt 0.0195 0.9883
vt 0.0195 0.9883
vt 0.0195 0.0000
vt 0.0195 0.9883
vt 1.0000 0.9883
vt 1.0000 0.9883
vt 1.0000 0.9883
vt 1.0000 0.9883
vt 0.0195 0.0000
vt 0.0195 0.0000
vt 1.0000 0.0000
vt 0.0195 0.9883
vt 0.0195 0.0000
vt 0.0195 0.0000
vt 1.0000 0.0000
vt 0.0195 0.9883
vn 0.3267 0.8169 0.4754
vn 0.1281 0.9494 0.2866
vn 0.2110 0.9775 0.0000
vn -0.1383 0.9169 0.3744
vn -0.1974 0.9803 0.0000
vn -0.5914 0.6567 0.4680
vn -0.5137 0.8580 0.0000
vn -0.4057 0.8768 0.2580
vn 0.7763 0.4182 0.4716
vn 0.7277 0.6267 0.2787
vn 0.8167 0.5746 -0.0530
vn 0.4685 0.8015 0.3716
vn 0.4225 0.9025 -0.0832
vn -0.1203 0.8867 0.4464
vn 0.0662 0.9936 -0.0917
vn 0.1899 0.9542 0.2311
vn 0.6184 0.6258 0.4753
vn 0.4869 0.8251 0.2866
vn 0.5741 0.8188 0.0000
vn 0.2288 0.8986 0.3744
vn 0.1988 0.9800 0.0000
vn -0.2900 0.8348 0.4680
vn -0.1401 0.9901 0.0000
vn -0.0332 0.9656 0.2580
vn 0.3267 0.8169 -0.4753
vn 0.1282 0.9494 -0.2866
vn -0.1383 0.9169 -0.3744
vn -0.5914 0.6567 -0.4679
vn -0.4057 0.8768 -0.2580
vn 0.2288 0.8986 -0.3743
vn 0.6184 0.6259 -0.4753
vn -0.2900 0.8348 -0.4679
vn -0.0332 0.9656 -0.2580
vn 0.4869 0.8251 -0.2866
vn 0.7763 0.3249 -0.5401
vn 0.7277 0.5651 -0.3886
vn 0.4685 0.7200 -0.5119
vn -0.1203 0.7901 -0.6011
vn 0.1899 0.8959 -0.4017
vn -0.8299 0.5580 0.0000
vn -0.3946 0.8032 -0.4463
vn -0.7238 0.4866 -0.4892
vn -0.4508 0.8926 0.0001
vn -0.3946 0.8031 0.4464
vn 0.1725 0.8688 0.4641
vn -0.1336 0.6152 0.7770
vn 0.2300 0.3652 0.9021
vn -0.4805 0.7227 0.4968
vn -0.2391 0.9537 0.1825
vn 0.0375 0.9826 -0.1821
vn 0.4343 0.9002 0.0325
vn 0.7480 0.6251 0.2230
vn -0.9968 0.0805 0.0000
vn -0.8927 0.0623 0.4463
vn -0.8928 0.0624 -0.4462
vn -0.4348 0.8787 -0.1971
vn -0.7175 0.4770 -0.5076
vn -0.8038 0.5924 -0.0547
vn -0.3426 0.7094 -0.6159
vn 0.1465 0.7816 -0.6063
vn -0.3426 0.8101 0.4757
vn 0.1587 0.8833 0.4411
vn -0.7175 0.5618 0.4117
vn 0.3834 0.8263 0.4126
vn -0.0092 0.6183 0.7859
vn 0.3010 0.3145 0.9003
vn -0.3637 0.7976 0.4813
vn -0.0351 0.9938 0.1056
vn -0.1785 0.8676 0.4641
vn -0.3621 0.5150 0.7770
vn 0.0702 0.4258 0.9021
vn -0.7234 0.4793 0.4969
vn -0.5907 0.7859 0.1826
vn -0.3472 0.9200 -0.1821
vn 0.0505 0.9982 0.0324
vn 0.4465 0.8665 0.2230
vn -0.6109 0.7873 -0.0836
vn -0.7983 0.4042 -0.4464
vn -0.8872 0.4614 0.0001
vn -0.4779 0.7295 -0.4893
vn -0.0517 0.8934 -0.4463
vn -0.4779 0.7295 0.4894
vn -0.0423 0.8994 0.4352
vn -0.7983 0.4042 0.4465
vn 0.2824 0.9071 -0.3121
vn 0.6875 0.7247 -0.0464
vn 0.9154 0.3438 0.2094
vn -0.7237 0.4866 0.4893
vn 0.2794 0.7273 0.6268
vn 0.6684 0.3792 0.6399
vn 0.5400 0.5618 0.6268
vn 0.1335 0.7750 -0.6177
vn 0.1336 0.8750 0.4654
vn -0.0610 0.8872 -0.4574
vn -0.0610 0.8872 0.4573
usemtl m2
s 1
f 1392/1392/1088 1393/1393/1089 1394/1394/1090
f 1393/1393/1089 1392/1392/1088 1395/1395/1091
f 1396/1396/1092 1395/1395/1091 1392/1392/1088
f 1395/1395/1091 1396/1396/1092 1397/1397/1093
f 1398/1398/1094 1397/1397/1093 1396/1396/1092
f 1397/1397/1093 1398/1398/1094 1399/1399/1095
f 1400/1400/1096 1401/1401/1097 1402/1402/1098
f 1401/1401/1097 1400/1400/1096 1403/1403/1099
f 1404/1404/1100 1403/1403/1099 1400/1400/1096
f 1403/1403/1099 1404/1404/1100 1405/1405/1101
f 1406/1406/1102 1405/1405/1101 1404/1404/1100
f 1405/1405/1101 1406/1406/1102 1407/1407/1103
f 1408/1408/1104 1409/1409/1105 1410/1410/1106
f 1409/1409/1105 1408/1408/1104 1411/1411/1107
f 1412/1412/1108 1411/1411/1107 1408/1408/1104
f 1411/1411/1107 1412/1412/1108 1413/1413/1109
f 1414/1414/1110 1413/1413/1109 1412/1412/1108
f 1413/1413/1109 1414/1414/1110 1415/1415/1111
f 1394/1394/1090 1396/1396/1092 1392/1392/1088
f 1396/1396/1092 1394/1394/1090 1416/1416/1112
f 1417/1417/1113 1416/1416/1112 1394/1394/1090
f 1416/1416/1112 1417/1417/1113 1418/1418/1114
f 1418/1418/1114 1396/1396/1092 1416/1416/1112
f 1396/1396/1092 1418/1418/1114 1419/1419/1115
f 1420/1420/1116 1419/1419/1115 1418/1418/1114
f 1419/1419/1115 1420/1420/1116 1398/1398/1094
f 1421/1421/1117 1412/1412/1108 1422/1422/1118
f 1412/1412/1108 1421/1421/1117 1423/1423/1119
f 1424/1424/1120 1423/1423/1119 1421/1421/1117
f 1423/1423/1119 1424/1424/1120 1414/1414/1110
f 1410/1410/1106 1412/1412/1108 1408/1408/1104
f 1412/1412/1108 1410/1410/1106 1422/1422/1118
f 1425/1425/1121 1422/1422/1118 1410/1410/1106
f 1422/1422/1118 1425/1425/1121 1421/1421/1117
f 1402/1402/1098 1404/1404/1100 1400/1400/1096
f 1404/1404/1100 1402/1402/1098 1426/1426/1122
f 1427/1427/1123 1426/1426/1122 1402/1402/1098
f 1426/1426/1122 1427/1427/1123 1428/1428/1124
f 1428/1428/1124 1404/1404/1100 1426/1426/1122
f 1404/1404/1100 1428/1428/1124 1429/1429/1125
f 1430/1430/1126 1429/1429/1125 1428/1428/1124
f 1429/1429/1125 1430/1430/1126 1406/1406/1102
f 1431/1431/1127 1432/1432/1128 1433/1433/1129
f 1432/1432/1128 1431/1431/1127 1434/1434/1130
f 1435/1435/1131 1434/1434/1130 1431/1431/1127
f 1436/1436/1132 1437/1437/1133 1438/1438/1134
f 1437/1437/1133 1436/1436/1132 1439/1439/1135
f 1440/1440/1136 1439/1439/1135 1436/1436/1132
f 1436/1436/1132 1441/1441/1137 1440/1440/1136
f 1441/1441/1137 1436/1436/1132 1442/1442/1138
f 1443/1443/1139 1442/1442/1138 1436/1436/1132
f 1431/1431/1127 1444/1444/1140 1445/1445/1141
f 1444/1444/1140 1431/1431/1127 1446/1446/1142
f 1433/1433/1129 1446/1446/1142 1431/1431/1127
f 1447/1447/1143 1448/1448/1144 1449/1449/1145
f 1448/1448/1144 1447/1447/1143 1450/1450/1146
f 1451/1451/1147 1450/1450/1146 1447/1447/1143
f 1447/1447/1143 1452/1452/1148 1453/1453/1149
f 1452/1452/1148 1447/1447/1143 1454/1454/1150
f 1449/1449/1145 1454/1454/1150 1447/1447/1143
f 1455/1455/1151 1456/1456/1152 1457/1457/1153
f 1456/1456/1152 1455/1455/1151 1458/1458/1154
f 1459/1459/1155 1458/1458/1154 1455/1455/1151
f 1460/1460/1156 1461/1461/1157 1462/1462/1158
f 1461/1461/1157 1460/1460/1156 1463/1463/1159
f 1464/1464/1160 1463/1463/1159 1460/1460/1156
f 1460/1460/1156 1465/1465/1161 1464/1464/1160
f 1465/1465/1161 1460/1460/1156 1466/1466/1162
f 1467/1467/1163 1466/1466/1162 1460/1460/1156
f 1468/1468/1164 1469/1469/1165 1470/1470/1166
f 1469/1469/1165 1468/1468/1164 1471/1471/1167
f 1472/1472/1168 1471/1471/1167 1468/1468/1164
f 1468/1468/1164 1473/1473/1169 1474/1474/1170
f 1473/1473/1169 1468/1468/1164 1475/1475/1171
f 1470/1470/1166 1475/1475/1171 1468/1468/1164
f 1455/1455/1151 1476/1476/1172 1459/1459/1155
f 1476/1476/1172 1455/1455/1151 1477/1477/1173
f 1478/1478/1174 1477/1477/1173 1455/1455/1151
f 1479/1479/1175 1431/1431/1127 1445/1445/1141
f 1431/1431/1127 1479/1479/1175 1435/1435/1131
f 1480/1480/1176 1460/1460/1156 1462/1462/1158
f 1460/1460/1156 1480/1480/1176 1467/1467/1163
f 1481/1481/1177 1455/1455/1151 1457/1457/1153
f 1455/1455/1151 1481/1481/1177 1478/1478/1174
f 1482/1482/1178 1436/1436/1132 1438/1438/1134
f 1436/1436/1132 1482/1482/1178 1443/1443/1139
f 1403/1403/1099 1405/1405/1101 1407/1407/1103
f 1404/1404/1100 1429/1429/1125 1406/1406/1102
f 1396/1396/1092 1419/1419/1115 1398/1398/1094
f 1395/1395/1091 1397/1397/1093 1399/1399/1095
f 1412/1412/1108 1423/1423/1119 1414/1414/1110
f 1411/1411/1107 1413/1413/1109 1415/1415/1111
f 1451/1451/1147 1447/1447/1143 1483/1483/1179
f 1484/1484/1180 1485/1485/1180 1486/1486/1180
f 1472/1472/1168 1468/1468/1164 1487/1487/1181
f 1488/1488/1182 1489/1489/1182 1490/1490/1182
o n9b5
v -17.877550 0.439997 20.474531
v -19.169231 0.439997 20.510710
v -18.240040 0.439997 21.382870
v -19.085211 0.439997 20.220751
v -18.244350 0.439997 19.595901
v -19.167501 0.439997 19.944630
v -20.282219 0.299997 19.434969
v -20.075531 0.299997 19.543619
v -20.213459 0.299997 19.359940
v -20.339581 0.299997 19.938911
v -20.604469 0.299997 19.792469
v -20.673000 0.299997 20.182779
v -20.681561 0.299997 20.293322
v -20.469639 0.299997 20.495071
v -20.709059 0.299997 20.495071
v -20.466021 0.299997 20.901690
v -20.341101 0.299997 21.172640
v -20.109030 0.299997 20.970802
v -20.363081 0.299997 21.023880
v -20.075531 0.299997 21.446520
v -20.267681 0.299996 21.672661
v -20.028950 0.299996 21.797491
v -19.640402 0.439996 21.722822
v -19.700151 0.439997 20.684559
v -20.028780 0.439997 21.348671
v -19.403389 0.439997 20.681831
v -19.140802 0.439996 21.772591
v -18.240040 0.439997 21.382870
v -22.680161 0.326527 21.469582
v -22.081541 0.326527 21.443121
v -22.268139 0.326527 21.195902
v -22.245611 0.326526 21.705841
v -22.664232 0.326526 21.830162
v -18.697411 0.439997 19.382530
v -19.133982 0.439997 19.575270
v -18.476290 0.439997 19.478291
v -22.049620 0.600002 18.100901
v -22.569630 0.600002 18.135771
v -22.223610 0.600002 18.439072
v -22.611040 0.600002 17.812031
v -22.323559 0.600002 17.657511
v -21.488190 0.600002 18.389761
v -21.529591 0.600002 18.066031
v -21.775671 0.600002 18.544281
v -19.124081 0.299997 19.499500
v -19.593210 0.299997 19.257092
v -19.772770 0.299997 19.273960
v -19.123981 0.299997 19.206619
v -18.771151 0.299997 19.370270
v -20.483709 0.299011 17.006050
v -20.840630 0.299011 16.567982
v -20.922670 0.299011 16.848310
v -20.549501 0.299011 16.544260
v -20.219831 0.299011 16.791050
v -20.417912 0.299011 17.467831
v -20.126789 0.299011 17.444111
v -20.747581 0.299011 17.221041
v -23.278780 0.326526 21.496031
v -23.114719 0.326527 21.233309
v -23.092180 0.326526 21.743252
v -22.696100 0.326527 21.109001
v -21.875620 0.600002 17.762720
v -20.044741 0.299011 17.163780
v -20.075531 0.299997 19.543619
v -20.213459 0.299997 19.359940
v -19.948639 0.439997 20.512171
v -20.412210 0.439997 20.494822
v -20.070902 0.439997 20.941889
v -20.042982 0.439997 20.220751
v -19.700151 0.439997 20.684559
v -20.028780 0.439997 21.348671
v -19.404791 0.439997 19.765982
v -20.007092 0.439997 19.586842
v -19.700151 0.439997 19.764219
v -19.133982 0.439997 19.575270
v -19.717911 0.299996 21.743021
v -19.169231 0.439997 20.510710
v -19.167501 0.439997 19.944630
v -19.948130 0.439997 19.940203
v -20.284889 0.439997 19.987129
vt 0.5859 0.0000
vt 0.0000 1.0000
vt 0.0000 0.0000
vt 0.3867 1.0000
vt 1.0000 0.4336
vt 0.5586 1.0000
vt -2.9414 0.0000
vt -3.0430 0.2930
vt -3.0547 0.0000
vt -2.5430 0.2930
vt -2.5508 0.0000
vt -2.2969 0.0000
vt -2.1758 0.0000
vt -1.9414 0.2930
vt -1.9414 0.0000
vt -1.5000 0.0000
vt -1.1719 0.0000
vt -1.3203 0.2930
vt -1.3359 0.0000
vt -0.8047 0.2930
vt -0.7695 0.0000
vt -0.5078 0.0000
vt 0.0000 0.5781
vt 0.6445 1.0000
vt 0.0000 1.0000
vt 0.7812 0.8789
vt 0.0000 0.0000
vt 1.0000 0.0000
vt 0.4961 0.5039
vt 0.7656 0.0039
vt 1.0000 0.2266
vt 0.3750 0.0703
vt 0.0547 0.3945
vt 1.0000 0.7969
vt 1.0000 1.0000
vt 1.0000 0.6406
vt 0.4961 0.5039
vt 0.2461 0.8906
vt 0.0000 0.5547
vt 0.6406 1.0000
vt 0.9531 0.8203
vt 0.3555 0.0000
vt 0.7500 0.1133
vt 0.0430 0.1836
vt -0.0391 0.4180
vt 0.4023 0.0000
vt 0.5898 0.0000
vt -0.0742 0.0000
vt -0.4141 0.3555
vt 0.4961 0.5039
vt 0.8672 1.0000
vt 0.5195 0.9961
vt 0.9961 0.7148
vt 0.8359 0.3047
vt 0.0000 0.2891
vt 0.1289 0.0039
vt 0.1602 0.6992
vt 0.2305 1.0000
vt 0.6211 0.9336
vt 0.0000 0.7773
vt 0.9375 0.6094
vt 1.0000 0.4492
vt 0.4766 0.0078
vt 1.0000 0.3633
vt 1.0000 0.0000
vt 0.5000 0.6641
vt 1.0000 0.0000
vt 1.0000 0.6641
vt 0.4375 0.3438
vt 0.6133 1.0000
vt 1.0000 1.0000
vt 0.2695 0.7266
vt 0.0000 0.0000
vt 0.2188 0.4688
vt 0.0000 0.9062
vt -0.2852 0.2930
vt 1.0000 0.8047
vt 0.2500 1.0000
vt 0.3516 0.3633
vt 0.4102 0.0000
vn -0.0000 1.0000 0.0000
usemtl m9
s 1
f 1491/1491/1183 1492/1492/1183 1493/1493/1183
f 1492/1492/1183 1491/1491/1183 1494/1494/1183
f 1495/1495/1183 1494/1494/1183 1491/1491/1183
f 1494/1494/1183 1495/1495/1183 1496/1496/1183
f 1497/1497/1183 1498/1498/1183 1499/1499/1183
f 1498/1498/1183 1497/1497/1183 1500/1500/1183
f 1501/1501/1183 1500/1500/1183 1497/1497/1183
f 1500/1500/1183 1501/1501/1183 1502/1502/1183
f 1503/1503/1183 1500/1500/1183 1502/1502/1183
f 1500/1500/1183 1503/1503/1183 1504/1504/1183
f 1505/1505/1183 1504/1504/1183 1503/1503/1183
f 1504/1504/1183 1505/1505/1183 1506/1506/1183
f 1507/1507/1183 1508/1508/1183 1509/1509/1183
f 1508/1508/1183 1507/1507/1183 1510/1510/1183
f 1511/1511/1183 1510/1510/1183 1507/1507/1183
f 1510/1510/1183 1511/1511/1183 1512/1512/1183
f 1513/1513/1183 1514/1514/1183 1515/1515/1183
f 1514/1514/1183 1513/1513/1183 1516/1516/1183
f 1517/1517/1183 1516/1516/1183 1513/1513/1183
f 1516/1516/1183 1517/1517/1183 1518/1518/1183
f 1519/1519/1183 1520/1520/1183 1521/1521/1183
f 1520/1520/1183 1519/1519/1183 1522/1522/1183
f 1523/1523/1183 1522/1522/1183 1519/1519/1183
f 1496/1496/1183 1524/1524/1183 1525/1525/1183
f 1524/1524/1183 1496/1496/1183 1526/1526/1183
f 1495/1495/1183 1526/1526/1183 1496/1496/1183
f 1527/1527/1183 1528/1528/1183 1529/1529/1183
f 1528/1528/1183 1527/1527/1183 1530/1530/1183
f 1531/1531/1183 1530/1530/1183 1527/1527/1183
f 1527/1527/1183 1532/1532/1183 1533/1533/1183
f 1532/1532/1183 1527/1527/1183 1534/1534/1183
f 1529/1529/1183 1534/1534/1183 1527/1527/1183
f 1535/1535/1183 1536/1536/1183 1537/1537/1183
f 1536/1536/1183 1535/1535/1183 1538/1538/1183
f 1539/1539/1183 1538/1538/1183 1535/1535/1183
f 1540/1540/1183 1541/1541/1183 1542/1542/1183
f 1541/1541/1183 1540/1540/1183 1543/1543/1183
f 1544/1544/1183 1543/1543/1183 1540/1540/1183
f 1540/1540/1183 1545/1545/1183 1546/1546/1183
f 1545/1545/1183 1540/1540/1183 1547/1547/1183
f 1542/1542/1183 1547/1547/1183 1540/1540/1183
f 1548/1548/1183 1519/1519/1183 1549/1549/1183
f 1519/1519/1183 1548/1548/1183 1550/1550/1183
f 1551/1551/1183 1519/1519/1183 1521/1521/1183
f 1519/1519/1183 1551/1551/1183 1549/1549/1183
f 1527/1527/1183 1552/1552/1183 1531/1531/1183
f 1552/1552/1183 1527/1527/1183 1533/1533/1183
f 1540/1540/1183 1553/1553/1183 1544/1544/1183
f 1553/1553/1183 1540/1540/1183 1546/1546/1183
f 1506/1506/1183 1508/1508/1183 1504/1504/1183
f 1508/1508/1183 1506/1506/1183 1509/1509/1183
f 1554/1554/1183 1537/1537/1183 1555/1555/1183
f 1537/1537/1183 1554/1554/1183 1535/1535/1183
f 1556/1556/1183 1557/1557/1183 1558/1558/1183
f 1557/1557/1183 1556/1556/1183 1559/1559/1183
f 1560/1560/1183 1558/1558/1183 1561/1561/1183
f 1558/1558/1183 1560/1560/1183 1556/1556/1183
f 1562/1562/1183 1563/1563/1183 1564/1564/1183
f 1563/1563/1183 1562/1562/1183 1565/1565/1183
f 1512/1512/1183 1566/1566/1183 1510/1510/1183
f 1516/1516/1183 1518/1518/1183 1567/1567/1183
f 1568/1568/1183 1565/1565/1183 1562/1562/1183
f 1563/1563/1183 1569/1569/1183 1564/1564/1183
f 1570/1570/1183 1557/1557/1183 1559/1559/1183
f 1570/1570/1183 1559/1559/1183 1569/1569/1183
f 1563/1563/1183 1570/1570/1183 1569/1569/1183
f 1550/1550/1183 1523/1523/1183 1519/1519/1183
o n1b2
v -19.745340 0.439993 20.179491
v -19.692310 0.339993 20.157520
v -19.692310 0.439993 20.157520
v -19.745340 0.339993 20.179491
v -19.767309 0.439993 20.232521
v -19.767309 0.339993 20.232521
v -19.745340 0.439993 20.285549
v -19.745340 0.339993 20.285549
v -19.692310 0.439993 20.307520
v -19.692310 0.339993 20.307520
v -19.639271 0.439993 20.285549
v -19.639271 0.339993 20.285549
v -19.617310 0.439993 20.232521
v -19.617310 0.339993 20.232521
v -19.639271 0.439993 20.179491
v -19.639271 0.339993 20.179491
v -19.692310 0.439993 20.157520
v -19.692310 0.339993 20.157520
v -19.639271 0.339993 20.179491
v -19.639271 0.339993 20.285549
v -19.617310 0.339993 20.232521
v -19.692310 0.339993 20.307520
v -19.692310 0.339993 20.157520
v -19.745340 0.339993 20.285549
v -19.745340 0.339993 20.179491
v -19.767309 0.339993 20.232521
vt -1.3711 0.8906
vt -1.9961 0.1133
vt -1.9961 0.8906
vt -1.3711 0.1133
vt -0.7461 0.8906
vt -0.7461 0.1133
vt -0.1211 0.8906
vt -0.1211 0.1133
vt 0.5000 0.8906
vt 0.5000 0.1133
vt 1.1250 0.8906
vt 1.1250 0.1133
vt 1.7461 0.8906
vt 1.7461 0.1133
vt 2.3711 0.8906
vt 2.3711 0.1133
vt 2.9961 0.8906
vt 2.9961 0.1133
vt 0.8047 0.0508
vt 0.8047 0.1406
vt 0.8047 0.0977
vt 0.8516 0.1406
vt 0.8516 0.0508
vt 0.8984 0.1406
vt 0.8984 0.0508
vt 0.8984 0.0977
vn 0.7071 0.0000 0.7071
vn 0.3828 -0.0000 0.9238
vn 1.0000 -0.0000 -0.0000
vn 0.7071 -0.0000 -0.7071
vn 0.0000 0.0000 -1.0000
vn -0.7071 -0.0000 -0.7071
vn -1.0000 -0.0000 -0.0000
vn -0.7071 -0.0000 0.7071
vn -0.3827 0.0000 0.9239
vn 0.0000 1.0000 0.0000
usemtl m0
s 1
f 1571/1571/1184 1572/1572/1185 1573/1573/1185
f 1572/1572/1185 1571/1571/1184 1574/1574/1184
f 1575/1575/1186 1574/1574/1184 1571/1571/1184
f 1574/1574/1184 1575/1575/1186 1576/1576/1186
f 1577/1577/1187 1576/1576/1186 1575/1575/1186
f 1576/1576/1186 1577/1577/1187 1578/1578/1187
f 1579/1579/1188 1578/1578/1187 1577/1577/1187
f 1578/1578/1187 1579/1579/1188 1580/1580/1188
f 1581/1581/1189 1580/1580/1188 1579/1579/1188
f 1580/1580/1188 1581/1581/1189 1582/1582/1189
f 1583/1583/1190 1582/1582/1189 1581/1581/1189
f 1582/1582/1189 1583/1583/1190 1584/1584/1190
f 1585/1585/1191 1584/1584/1190 1583/1583/1190
f 1586/1586/1191 1584/1584/1190 1585/1585/1191
f 1587/1587/1192 1586/1586/1191 1585/1585/1191
f 1586/1586/1191 1587/1587/1192 1588/1588/1192
f 1589/1589/1193 1590/1590/1193 1591/1591/1193
f 1590/1590/1193 1589/1589/1193 1592/1592/1193
f 1593/1593/1193 1592/1592/1193 1589/1589/1193
f 1592/1592/1193 1593/1593/1193 1594/1594/1193
f 1595/1595/1193 1594/1594/1193 1593/1593/1193
f 1594/1594/1193 1595/1595/1193 1596/1596/1193
o n8b8
v -23.162251 1.189749 19.578119
v -23.176361 1.177618 19.533451
v -23.188110 1.193207 19.537321
v -23.140940 1.143071 19.588961
v -23.183130 1.188627 19.621309
v -23.165230 1.144788 19.636011
v -23.213081 1.131327 19.653879
v -23.157860 1.116430 19.643959
v -23.197540 1.096860 19.662870
v -23.146662 1.088959 19.648901
v -23.180000 1.072545 19.664780
v -23.136803 1.053061 19.650431
v -23.158520 1.042302 19.660770
v -23.113161 1.022254 19.635801
v -23.121050 1.010905 19.647049
v -23.104729 1.021790 19.642889
v -23.113050 1.009554 19.655390
v -23.109131 1.013050 19.669531
v -23.111071 1.003062 19.672703
v -23.107431 1.008638 19.683931
v -23.119970 0.997884 19.702930
v -23.111301 0.983203 19.710060
v -23.120522 0.968461 19.708351
v -23.103771 0.956761 19.705050
v -23.107321 0.948091 19.695301
v -23.089302 0.956174 19.687630
v -23.096571 0.950165 19.679651
v -23.079302 0.949811 19.676521
v -23.091751 0.944681 19.671780
v -23.081961 0.920921 19.668810
v -23.086720 0.926586 19.658232
v -23.073841 0.918457 19.645432
v -23.066511 0.931691 19.632912
v -23.054420 0.927668 19.634491
v -23.058870 0.956615 19.633232
v -23.052389 0.920097 19.648550
v -23.056091 0.958926 19.647020
v -22.950081 0.629888 19.765440
v -22.985090 0.603690 19.740520
v -22.949751 0.603690 19.755880
v -22.983521 0.629486 19.751780
v -22.985321 0.656087 19.740770
v -22.987520 0.631257 19.754789
v -22.996729 0.657224 19.746550
v -22.998152 0.627859 19.786390
v -23.005161 0.652388 19.780931
v -23.029140 0.649860 19.787630
v -23.048351 0.652270 19.770031
v -23.056742 0.627922 19.771412
v -23.045441 0.658378 19.747171
v -23.055931 0.631563 19.745571
v -23.063301 0.636109 19.733572
v -23.054741 0.603690 19.727461
v -23.090639 0.627922 19.723911
v -23.092730 0.603690 19.709911
v -23.104761 0.627542 19.692789
v -23.091730 0.603690 19.677280
v -23.085772 0.627859 19.663639
v -23.046701 0.603690 19.675791
v -23.052441 0.631257 19.663860
v -23.048290 0.629486 19.661060
v -23.038460 0.656087 19.666321
v -23.050331 0.629888 19.624981
v -23.040871 0.655359 19.628931
v -23.027809 0.653280 19.617010
v -23.011251 0.655550 19.621912
v -23.006191 0.630063 19.613491
v -22.991322 0.656890 19.651011
v -22.985441 0.629076 19.636662
v -22.963791 0.653268 19.646879
v -22.958941 0.626089 19.634970
v -22.943781 0.653191 19.654930
v -22.934559 0.626097 19.648361
v -23.197309 1.215124 19.569639
v -23.204802 1.206916 19.544041
v -23.194511 1.203759 19.609360
v -23.225021 1.164613 19.641401
v -23.265741 1.114725 19.630491
v -23.229790 1.064518 19.648081
v -23.207260 1.045466 19.652260
v -23.176340 1.024684 19.652620
v -23.121262 0.991384 19.650389
v -23.113190 0.988825 19.658951
v -23.280460 1.153717 19.549860
v -23.283541 1.153776 19.571280
v -23.287271 1.158677 19.570002
v -23.275961 1.149458 19.551470
v -23.263990 1.147249 19.536190
v -23.259871 1.145877 19.537821
v -23.236969 1.145632 19.526039
v -23.267252 1.142012 19.528101
v -23.211220 1.141680 19.515841
v -23.255180 1.097238 19.534651
v -23.198181 1.106631 19.518581
v -23.172810 1.053497 19.547440
v -23.140369 1.085761 19.562330
v -23.159241 1.036133 19.567860
v -23.131979 1.063212 19.580370
v -23.144960 1.018535 19.597502
v -23.127203 1.036223 19.605610
v -23.119501 1.012110 19.625841
v -23.100771 1.020070 19.623171
v -23.093050 1.018075 19.629431
v -22.829729 1.109250 19.804590
v -22.824209 1.084742 19.826281
v -22.812351 1.103036 19.819241
v -22.864861 1.074425 19.803501
v -22.851511 1.097704 19.773531
v -22.867781 1.079719 19.764801
v -22.844591 1.068230 19.731279
v -22.863161 1.032243 19.718151
v -22.791281 1.076770 19.730530
v -22.810202 1.030637 19.715050
v -22.768652 1.078763 19.741119
v -22.777821 1.017935 19.742920
v -22.753870 1.074642 19.758301
v -22.750431 1.066972 19.778530
v -22.761980 1.066850 19.778162
v -22.758961 1.056803 19.796431
v -22.769251 1.058609 19.792469
v -22.782721 1.051734 19.808302
v -23.050791 1.032425 19.629230
v -23.061501 1.058354 19.623930
v -23.057220 1.045450 19.634981
v -23.052912 1.037936 19.616703
v -23.049072 1.008426 19.630859
v -23.052071 1.015283 19.617302
v -23.033531 0.990659 19.626402
v -23.039600 0.998475 19.604191
v -23.034559 0.978087 19.601921
v -23.046610 0.981503 19.600550
v -23.040581 0.959977 19.611441
v -23.051540 0.969918 19.606991
v -23.069380 0.970462 19.628021
v -23.051229 0.995730 19.602491
v -23.067120 1.011749 19.618380
v -22.901920 0.941436 19.782202
v -22.906092 0.990088 19.776510
v -22.919941 0.961826 19.764091
v -22.884630 0.965800 19.798071
v -22.853703 0.943139 19.791441
v -22.858940 1.010494 19.819422
v -22.814690 1.002284 19.817011
v -22.833479 1.066034 19.829241
v -22.799601 1.040419 19.823011
v -22.824209 1.084742 19.826281
v -22.790001 1.072578 19.822500
v -22.785870 1.098302 19.816460
v -22.762871 1.082343 19.797710
v -22.766790 1.098393 19.798592
v -22.767719 1.103337 19.776670
v -22.775721 1.112397 19.796661
v -23.016451 0.686393 19.735041
v -23.037611 0.686246 19.721910
v -23.037470 0.711444 19.721809
v -23.040890 0.714608 19.698059
v -23.057440 0.777734 19.695271
v -23.038412 0.777632 19.664902
v -23.052902 0.846108 19.644600
v -23.003511 0.777734 19.656780
v -22.999361 0.846108 19.632219
v -22.952742 0.846108 19.661331
v -22.941572 0.905809 19.653360
v -23.060850 0.905738 19.633430
v -23.095411 0.905248 19.688822
v -23.082010 0.846108 19.691219
v -23.080629 0.904768 19.752621
v -23.069630 0.846108 19.744761
v -23.023010 0.846108 19.773870
v -23.018860 0.777734 19.749321
v -22.969469 0.846108 19.761492
v -22.983950 0.777632 19.741201
v -22.964931 0.777734 19.710831
v -22.981480 0.714608 19.708040
v -22.984901 0.711444 19.684290
v -22.985060 0.687345 19.684401
v -23.020220 1.184469 19.731741
v -23.011181 1.192004 19.703051
v -23.036850 1.184482 19.721371
v -22.996330 1.184449 19.723860
v -23.023960 1.162550 19.755081
v -22.982460 1.162242 19.743231
v -22.969540 1.115444 19.761610
v -22.936901 1.120963 19.711100
v -22.960421 1.052791 19.774071
v -22.924301 1.078456 19.715071
v -22.956440 0.974473 19.779551
v -22.918402 0.974518 19.718601
v -22.926830 0.905809 19.717140
v -22.941572 0.905809 19.653360
v -22.952742 0.846108 19.661331
v -23.223850 1.175374 19.532242
v -23.228460 1.194049 19.532421
v -23.222191 1.188363 19.538549
v -23.229851 1.182708 19.526960
v -23.237209 1.173674 19.525101
v -23.239521 1.190615 19.525520
v -23.249630 1.183444 19.525930
v -23.249361 1.195819 19.529072
v -23.257832 1.190707 19.533411
v -23.252790 1.202336 19.537601
v -23.260401 1.194216 19.546162
v -23.253101 1.203270 19.548040
v -23.258940 1.188564 19.554340
v -23.250559 1.198998 19.556402
v -23.042742 1.119906 19.657440
v -23.037111 1.159271 19.660101
v -23.029152 1.141184 19.661619
v -23.048880 1.140626 19.656450
v -23.062172 1.129107 19.661530
v -23.055080 1.163393 19.662621
v -23.068151 1.156448 19.672310
v -23.058802 1.178888 19.674402
v -23.066002 1.173077 19.686640
v -23.051661 1.190259 19.685802
v -23.056190 1.176194 19.701981
v -23.042931 1.187785 19.696981
v -23.051100 1.160679 19.709770
v -23.035950 1.174105 19.703920
v -22.793861 1.077314 19.814690
v -22.788511 1.096985 19.817421
v -22.797041 1.089679 19.813549
v -22.785810 1.086172 19.818401
v -22.779652 1.079361 19.815380
v -22.776461 1.096680 19.818251
v -22.768921 1.092508 19.813110
v -22.769520 1.104631 19.813742
v -22.764992 1.102057 19.806690
v -22.770090 1.112104 19.807859
v -22.768492 1.106375 19.797279
v -22.774611 1.113223 19.800270
v -22.773991 1.100489 19.790401
v -22.780970 1.108389 19.793911
v -23.286850 1.146500 19.545410
v -23.279280 1.098418 19.581869
v -23.212290 1.033831 19.566401
v -23.235851 1.038286 19.608162
v -23.192581 1.019718 19.583731
v -23.212469 1.023585 19.618690
v -23.179760 1.010370 19.630661
v -23.093309 0.998799 19.685881
v -23.105850 1.012074 19.682610
v -23.092161 1.009215 19.682871
v -23.115582 1.040320 19.689751
v -23.102741 1.038987 19.691059
v -23.111050 1.060041 19.681801
v -23.092960 1.054335 19.676861
v -23.100441 1.063649 19.667709
v -23.086040 1.051667 19.652761
v -23.093912 1.040449 19.646360
v -23.082521 1.052280 19.633049
v -22.940041 0.629076 19.700270
v -22.933130 0.603690 19.731350
v -22.953251 0.603690 19.701111
v -22.924870 0.630063 19.727430
v -22.955511 0.656890 19.701181
v -22.934469 0.655550 19.729481
v -22.950729 0.655359 19.755201
v -22.935221 0.653280 19.746731
v -22.927771 0.628982 19.751631
v -22.931402 0.933573 19.726639
v -22.946821 0.896407 19.737761
v -22.951361 0.890605 19.750481
v -22.946510 0.887611 19.724371
v -22.919191 0.929279 19.709702
v -22.902210 0.916934 19.706060
v -22.874681 0.946153 19.701389
v -22.890411 0.903601 19.717890
v -22.856661 0.925762 19.719501
v -22.857182 0.915934 19.750662
v -22.831161 0.946750 19.723310
v -22.831600 0.935228 19.760511
v -23.154680 1.127322 19.540291
v -23.176361 1.177618 19.533451
v -23.188110 1.193207 19.537321
v -23.222582 1.171049 19.520870
v -23.231640 1.194465 19.532492
v -23.264162 1.168793 19.536030
v -23.260780 1.186035 19.541660
v -23.273420 1.187142 19.566332
v -23.254171 1.202077 19.552111
v -23.247902 1.163740 19.625280
v -23.272091 1.160674 19.609760
v -23.267761 1.158990 19.609631
v -23.271469 1.180893 19.602341
v -23.233879 1.189890 19.624210
v -23.239422 1.207411 19.603510
v -23.210220 1.216027 19.594320
v -23.217360 1.218731 19.566742
v -23.221100 1.214421 19.553501
v -22.934620 0.974357 19.648390
v -22.939100 1.084531 19.651630
v -22.965992 1.162100 19.670841
v -22.957640 1.162305 19.707802
v -22.985521 1.184482 19.684731
v -22.981110 1.184469 19.703831
v -23.049360 0.777753 19.730301
v -23.016121 0.714608 19.732761
v -22.993710 0.714699 19.727539
v -22.992672 0.686661 19.729540
v -22.979582 0.687509 19.708290
v -22.962751 0.603690 19.646761
v -22.947102 0.603690 19.657309
v -22.990530 0.603690 19.648890
v -23.012590 0.603690 19.620041
v -23.030031 0.628982 19.608370
v -23.064039 0.658378 19.721100
v -23.043152 0.686393 19.697630
v -23.030230 0.686661 19.676931
v -23.028662 0.714699 19.678572
v -23.005871 0.687509 19.671459
v -23.006250 0.714608 19.673330
v -22.985060 0.687345 19.684401
v -22.984901 0.711444 19.684290
v -23.166740 1.007845 19.607801
v -23.113071 0.973224 19.645302
v -23.102730 0.971530 19.631041
v -23.104992 0.971156 19.651850
v -23.093220 0.967430 19.638090
v -23.093060 0.946283 19.658970
v -23.072990 0.962270 19.632940
v -22.814280 1.112911 19.764860
v -22.822420 1.094970 19.756411
v -22.819790 1.103737 19.767151
v -22.816629 1.105220 19.755529
v -22.806549 1.115276 19.756861
v -22.812309 1.099551 19.748741
v -22.798861 1.111012 19.752041
v -22.803181 1.097733 19.747070
v -22.792572 1.100842 19.751242
v -22.806992 1.086358 19.746702
v -22.794809 1.089828 19.751482
v -23.232241 1.164884 19.530151
v -23.247540 1.170137 19.527691
v -23.244162 1.160925 19.533091
v -23.257002 1.173787 19.533621
v -23.255020 1.165030 19.539940
v -23.261902 1.182891 19.540751
v -23.260651 1.175599 19.548059
v -23.236380 1.207178 19.604361
v -23.232639 1.189927 19.612001
v -23.229181 1.199951 19.602060
v -23.239330 1.198409 19.613010
v -23.248770 1.205943 19.609520
v -23.247252 1.190314 19.616310
v -23.258831 1.198697 19.609520
v -23.256931 1.185704 19.613001
v -23.264780 1.186689 19.604321
v -23.252851 1.175323 19.612001
v -23.261860 1.176358 19.602020
v -22.786860 1.069362 19.811190
v -22.772621 1.078848 19.809412
v -22.778719 1.068889 19.804359
v -22.767241 1.085189 19.802902
v -22.772581 1.076085 19.796841
v -22.765720 1.095608 19.798203
v -22.770781 1.088163 19.791512
v -22.978991 1.159271 19.741520
v -22.978302 1.119906 19.747709
v -22.977840 1.141184 19.733501
v -22.979361 1.140626 19.753841
v -22.987221 1.163393 19.757702
v -22.988491 1.129107 19.764751
v -23.000620 1.156448 19.766911
v -23.002821 1.128421 19.769951
v -23.016851 1.139612 19.767502
v -23.005241 1.105860 19.766211
v -23.021412 1.118519 19.763371
v -23.285049 1.161325 19.591549
v -23.266321 1.195201 19.591902
v -23.257030 1.206829 19.578152
v -23.241091 1.213971 19.584219
v -23.240261 1.213914 19.565100
v -23.223970 1.219172 19.579540
v -23.031050 1.139470 19.752821
v -23.025322 1.157634 19.758280
v -23.013479 1.173077 19.760220
v -23.024801 1.176194 19.745960
v -23.008020 1.190259 19.746931
v -23.015760 1.187785 19.735050
v -23.001440 1.188337 19.729940
v -23.003651 1.174654 19.720221
v -22.987530 1.162092 19.723011
v -23.094902 0.982892 19.619751
v -23.084949 0.979452 19.626059
v -23.085060 1.000720 19.622351
v -22.999559 1.178888 19.757389
v -22.991821 1.184298 19.745359
v -22.987402 1.177322 19.732290
v -22.785049 1.118161 19.777630
v -22.792229 1.120221 19.794161
v -22.776180 1.114856 19.785242
v -22.800430 1.120715 19.779810
v -22.784781 1.109514 19.761890
v -22.811350 1.113999 19.764582
v -22.786631 1.097022 19.749260
v -22.827082 1.095417 19.747002
v -22.818260 1.073703 19.735781
v -23.002151 1.184469 19.674351
v -23.011181 1.192004 19.703051
v -22.985521 1.184482 19.684731
v -23.026041 1.184449 19.682241
v -22.998341 1.162513 19.651001
v -23.039869 1.162298 19.662880
v -22.995190 1.127070 19.630680
v -23.053091 1.115532 19.644720
v -23.061890 1.052763 19.631981
v -23.075970 1.074185 19.664520
v -23.086611 0.652270 19.716431
v -23.047630 0.657224 19.675251
v -23.082880 0.652388 19.672050
v -23.097012 0.649860 19.692551
v -22.996941 0.603690 19.745491
v -23.012980 0.603690 19.787601
v -23.031889 0.627542 19.794880
v -23.044170 0.603690 19.777941
v -23.046370 0.603690 19.747242
v -22.995390 1.090241 19.617731
v -23.065752 0.974460 19.626421
v -22.995741 0.974520 19.610250
v -22.997101 0.905809 19.618690
v -22.795790 1.120864 19.760160
v -22.788280 1.116451 19.759180
v -22.789440 1.124061 19.768402
v -22.782412 1.114977 19.768890
v -22.786661 1.120670 19.775690
v -22.783121 1.106132 19.771770
v -22.788012 1.112743 19.779539
v -22.852461 0.971244 19.701790
v -22.883181 0.994033 19.708460
v -22.900671 0.965162 19.706961
v -22.919420 0.971654 19.732931
v -22.931742 0.927160 19.747030
v -23.257431 1.209200 19.602390
v -23.264992 1.202571 19.598431
v -23.258741 1.212192 19.591610
v -23.264681 1.201306 19.585020
v -23.256809 1.209408 19.581680
v -23.261742 1.193215 19.579830
v -23.252729 1.202587 19.576071
v -22.957861 0.852346 19.746281
v -22.965651 0.867106 19.751560
v -22.969309 0.846204 19.743959
v -22.937822 0.888132 19.740780
v -22.903040 0.901383 19.755180
v -22.919950 0.913811 19.758850
v -22.931742 0.927160 19.747030
v -23.111809 0.989523 19.693001
v -23.095560 0.988436 19.763271
v -23.034380 0.989523 19.801481
v -23.065620 1.103578 19.785770
v -23.032120 1.087633 19.795050
v -23.057100 1.098197 19.770880
v -23.029980 1.085742 19.777809
v -22.995390 1.090241 19.617731
v -22.995741 0.974520 19.610250
v -22.995190 1.127070 19.630680
v -22.998341 1.162513 19.651001
v -23.002151 1.184469 19.674351
v -23.024981 1.174654 19.690340
v -23.033451 1.188337 19.685091
v -23.022369 1.162092 19.674191
v -23.031111 1.177322 19.671049
v -22.955572 0.848278 19.719481
v -22.949591 0.868514 19.717340
v -22.890760 0.897172 19.738279
v -22.875921 0.922426 19.776630
v -22.919941 0.961826 19.764091
v -22.905479 1.001795 19.739389
v -22.906092 0.990088 19.776510
v -22.893230 1.031684 19.749470
v -22.891571 1.022590 19.791441
v -23.106979 0.961193 19.673500
v -23.115341 0.957245 19.688110
v -23.124611 0.972849 19.698450
v -23.124651 0.993976 19.693621
v -23.034330 0.965701 19.622601
v -23.052469 0.966698 19.641430
v -23.057402 0.960170 19.632021
v -22.798521 1.114711 19.781422
v -22.795801 1.122431 19.777281
v -22.800711 1.123343 19.766970
v -23.057961 1.106394 19.663261
v -23.071741 1.128421 19.673401
v -23.068991 1.105860 19.676901
v -23.073980 1.139612 19.687469
v -23.071560 1.118519 19.693110
v -23.064703 1.139470 19.705662
v -22.995802 1.074185 19.776840
v -23.027880 1.133946 19.771610
v -23.055851 1.162968 19.734930
v -23.036850 1.184482 19.721371
v -22.789061 1.108867 19.800711
v -22.781601 1.113658 19.806242
v -22.795202 1.101727 19.808210
v -22.787010 1.107418 19.812740
v -23.108671 1.057263 19.662470
v -23.118969 1.042154 19.677389
v -23.115879 1.055709 19.672871
v -23.260771 1.202530 19.564911
v -23.240261 1.213914 19.565100
v -23.237040 1.207261 19.547440
v -23.221100 1.214421 19.553501
v -23.204802 1.206916 19.544041
v -23.238703 1.202944 19.553471
v -23.242790 1.206721 19.545410
v -23.227871 1.198888 19.546661
v -23.233322 1.203177 19.539539
v -22.811501 1.118465 19.801260
v -22.802629 1.115147 19.808861
v -22.830460 1.114069 19.782520
v -22.776180 1.114856 19.785242
v -22.792229 1.120221 19.794161
v -22.787260 1.112574 19.806681
v -22.802629 1.115147 19.808861
v -22.812351 1.103036 19.819241
v -23.241610 1.207761 19.579870
v -23.247162 1.213953 19.585039
v -23.248730 1.214280 19.598450
v -22.957121 0.884099 19.720411
v -22.960461 0.863798 19.712959
v -22.957121 0.893630 19.735071
v -22.960840 0.886515 19.747822
v -22.791321 1.077400 19.738930
v -22.772091 1.081528 19.748449
v -22.760460 1.079326 19.763060
v -22.757151 1.072298 19.778921
v -23.267719 1.192533 19.593601
v -23.265242 1.183201 19.589731
v -22.961491 0.905738 19.772640
v -23.025101 0.905248 19.787331
v -23.033091 1.092000 19.781540
v -23.059940 1.110252 19.773470
v -23.081051 1.115984 19.752911
v -23.093620 1.110252 19.726280
v -22.784651 1.107308 19.759581
v -22.785702 1.097387 19.761059
v -23.030510 1.160679 19.738621
v -23.020060 1.174105 19.726181
v -23.068010 1.157634 19.698460
v -23.126770 1.085093 19.613941
v -23.123781 1.050551 19.627560
v -23.134171 1.111825 19.602310
v -23.140940 1.143071 19.588961
v -23.041191 0.603690 19.627781
v -23.038139 0.603690 19.666203
v -22.973011 0.777753 19.675802
v -22.940361 0.846108 19.714880
v -22.929821 0.626089 19.675760
v -22.942221 0.603690 19.675541
v -22.942661 0.653268 19.676470
v -22.934559 0.626097 19.648361
v -22.947102 0.603690 19.657309
v -22.943781 0.653191 19.654930
v -23.044910 1.184298 19.670980
v -22.988760 1.106394 19.760220
v -23.107140 1.102691 19.727661
v -23.093151 1.107891 19.761530
v -23.064541 1.162550 19.698231
v -23.081461 1.133946 19.696571
v -23.041262 1.184469 19.702271
v -23.105001 1.087636 19.692970
v -23.241491 1.202288 19.532732
v -23.239281 1.213051 19.593651
v -23.232620 1.206759 19.589790
v -23.241680 1.180515 19.615810
v -23.292629 1.156267 19.596691
v -23.296209 1.151325 19.570341
v -23.280470 1.156982 19.592510
v -22.777170 1.108794 19.815001
v -22.806389 1.119397 19.773203
v -22.810652 1.111275 19.776690
v -22.817539 1.088326 19.748590
v -22.775869 1.009421 19.785082
v -23.066719 1.035355 19.616550
v -23.072390 1.052231 19.620840
v -22.951361 0.890605 19.750481
v -22.960840 0.886515 19.747822
v -22.811960 1.120912 19.789831
v -23.067450 0.917848 19.667120
v -23.066011 0.910060 19.651430
v -23.093050 1.018075 19.629431
v -23.061501 1.058354 19.623930
v -23.066162 1.048885 19.645271
v -23.057220 1.045450 19.634981
v -23.074690 1.061273 19.639441
v -23.072390 1.052231 19.620840
v -23.088001 1.085728 19.696550
v -23.090281 1.098135 19.724440
v -22.957630 0.843520 19.732870
v -22.764971 1.061112 19.792702
v -23.277170 1.158473 19.618301
v -23.076960 1.038302 19.659981
v -23.092531 1.092000 19.698261
v -22.776691 1.075967 19.748190
v -22.794979 1.074512 19.740011
v -22.833479 1.066034 19.829241
v -22.858940 1.010494 19.819422
v -22.764559 1.073461 19.762152
v -23.079041 1.103302 19.751450
v -22.891571 1.022590 19.791441
v -23.100771 1.020070 19.623171
v -22.973011 0.777753 19.675802
v -22.934620 0.974357 19.648390
v -23.134171 1.111825 19.602310
v -23.126770 1.085093 19.613941
v -23.123781 1.050551 19.627560
v -22.811501 1.118465 19.801260
v -23.217360 1.218731 19.566742
v -23.154680 1.127322 19.540291
v -23.260771 1.202530 19.564911
vt 0.9062 0.8203
vt 1.0234 0.8281
vt 1.0195 0.8906
vt 0.9062 0.6328
vt 0.7930 0.8086
vt 0.7852 0.6328
vt 0.6641 0.6328
vt 0.7891 0.5156
vt 0.6641 0.5156
vt 0.7891 0.4141
vt 0.6680 0.4141
vt 0.7930 0.3008
vt 0.6719 0.3008
vt 0.7969 0.1914
vt 0.6797 0.1914
vt 0.7969 0.1445
vt 0.6797 0.1445
vt 0.6680 0.0938
vt 0.6250 0.0938
vt 0.6406 0.0508
vt 0.5898 0.0430
vt 0.5625 0.0078
vt 0.5273 0.0430
vt 0.4961 0.0078
vt 0.4648 0.0430
vt 0.4531 0.0039
vt 0.4297 0.0508
vt 0.4062 0.0039
vt 0.4062 0.0586
vt 0.3438 0.0430
vt 0.3281 0.0859
vt 0.2812 0.0820
vt 0.2344 0.0859
vt 0.2188 0.0430
vt 0.1719 0.0508
vt 0.2500 0.0078
vt 0.1836 0.0039
vt 0.7578 0.0469
vt 0.7383 0.0039
vt 0.7734 0.0039
vt 0.7227 0.0469
vt 0.7383 0.0938
vt 0.7070 0.0508
vt 0.6914 0.0938
vt 0.6562 0.0430
vt 0.6445 0.0859
vt 0.5977 0.0820
vt 0.5469 0.0859
vt 0.5352 0.0430
vt 0.5234 0.0977
vt 0.4961 0.0508
vt 0.4727 0.0586
vt 0.4727 0.0039
vt 0.4102 0.0430
vt 0.3828 0.0078
vt 0.3477 0.0430
vt 0.3164 0.0078
vt 0.2852 0.0430
vt 0.2500 0.0039
vt 0.2383 0.0508
vt 0.2227 0.0469
vt 0.2070 0.0938
vt 0.1875 0.0469
vt 0.1719 0.0898
vt 0.1445 0.0898
vt 0.1133 0.0898
vt 0.1055 0.0469
vt 0.0547 0.0938
vt 0.0547 0.0469
vt 0.0039 0.0898
vt 0.0117 0.0430
vt -0.0273 0.0859
vt -0.0273 0.0430
vt 0.9062 0.9531
vt 1.0117 0.9531
vt 0.7969 0.8828
vt 0.6641 0.7656
vt 0.5234 0.6602
vt 0.5391 0.5156
vt 0.5391 0.4141
vt 0.5430 0.3008
vt 0.5508 0.1914
vt 0.5508 0.1445
vt 0.3477 0.8633
vt 0.4062 0.8516
vt 0.4062 0.8711
vt 0.3438 0.8438
vt 0.2891 0.8320
vt 0.2852 0.8203
vt 0.2109 0.8008
vt 0.2852 0.8242
vt 0.1445 0.7656
vt 0.2852 0.6602
vt 0.1445 0.6328
vt 0.1445 0.5156
vt 0.0234 0.5156
vt 0.1445 0.4141
vt 0.0234 0.4141
vt 0.1367 0.3008
vt 0.0195 0.3008
vt 0.0117 0.1914
vt -0.0938 0.1875
vt -0.0938 0.1445
vt 0.8164 0.9531
vt 0.9258 0.8906
vt 0.9219 0.9531
vt 0.8164 0.8203
vt 0.7070 0.8828
vt 0.6992 0.8086
vt 0.5742 0.7656
vt 0.5742 0.6328
vt 0.4336 0.8242
vt 0.4336 0.6602
vt 0.3750 0.8516
vt 0.3125 0.6562
vt 0.3125 0.8594
vt 0.2500 0.8516
vt 0.2500 0.8438
vt 0.1914 0.8242
vt 0.1914 0.8203
vt 0.1172 0.8008
vt -0.0547 0.0039
vt -0.0938 0.0430
vt -0.0938 0.0039
vt -0.0469 0.0430
vt -0.0039 0.0039
vt -0.0039 0.0469
vt 0.0508 0.0039
vt 0.0391 0.0469
vt 0.0781 0.0469
vt 0.0781 0.0898
vt 0.1211 0.0469
vt 0.1055 0.0898
vt 0.1406 0.0938
vt 0.0469 0.0898
vt -0.0078 0.0938
vt -0.0703 0.4141
vt -0.1875 0.5156
vt -0.1875 0.4141
vt -0.0664 0.5156
vt 0.0508 0.5156
vt -0.0664 0.6328
vt 0.0508 0.6328
vt -0.0703 0.8281
vt 0.0508 0.7656
vt -0.0781 0.8906
vt 0.0508 0.8711
vt 0.0430 0.9531
vt 0.1914 0.9023
vt 0.1875 0.9531
vt 0.3125 0.9531
vt 0.1914 0.9883
vt 0.6172 0.1445
vt 0.4727 0.1445
vt 0.4727 0.1875
vt 0.3242 0.1914
vt 0.3320 0.3008
vt 0.2031 0.3008
vt 0.2109 0.4141
vt 0.0820 0.3008
vt 0.0859 0.4141
vt -0.0273 0.4141
vt -0.0273 0.5156
vt 0.2109 0.5156
vt 0.3398 0.5156
vt 0.3398 0.4141
vt 0.4727 0.5156
vt 0.4727 0.4141
vt 0.6055 0.4141
vt 0.6094 0.3008
vt 0.7344 0.4141
vt 0.7383 0.3008
vt 0.8594 0.3008
vt 0.8672 0.1914
vt 0.9766 0.1875
vt 0.9766 0.1445
vt 0.5938 0.9883
vt 0.9766 1.0000
vt 1.4805 0.9883
vt 0.7539 0.9883
vt 0.5977 0.9531
vt 0.7383 0.9531
vt 0.7344 0.8711
vt 0.8672 0.8828
vt 0.7344 0.7656
vt 0.8594 0.8086
vt 0.7305 0.6328
vt 0.8555 0.6328
vt 0.8555 0.5156
vt 0.9766 0.5156
vt 0.9766 0.4141
vt 0.2227 0.8789
vt 0.2148 0.9453
vt 0.1953 0.9141
vt 0.2344 0.9141
vt 0.2617 0.8945
vt 0.2539 0.9531
vt 0.2891 0.9414
vt 0.2812 0.9805
vt 0.3164 0.9688
vt 0.2969 1.0000
vt 0.3516 0.9766
vt 0.3242 0.9961
vt 0.3789 0.9492
vt 0.3516 0.9727
vt 0.2227 0.8789
vt 0.2148 0.9453
vt 0.1953 0.9141
vt 0.2344 0.9141
vt 0.2617 0.8945
vt 0.2539 0.9531
vt 0.2891 0.9414
vt 0.2812 0.9805
vt 0.3164 0.9688
vt 0.2969 1.0000
vt 0.3516 0.9766
vt 0.3242 0.9961
vt 0.3789 0.9492
vt 0.3516 0.9727
vt 0.2227 0.8789
vt 0.2148 0.9453
vt 0.1953 0.9141
vt 0.2344 0.9141
vt 0.2617 0.8945
vt 0.2539 0.9531
vt 0.2891 0.9414
vt 0.2812 0.9805
vt 0.3164 0.9688
vt 0.2969 1.0000
vt 0.3516 0.9766
vt 0.3242 0.9961
vt 0.3789 0.9492
vt 0.3516 0.9727
vt 0.3438 0.8516
vt 0.4062 0.6562
vt 0.2734 0.5156
vt 0.4062 0.5156
vt 0.2734 0.4141
vt 0.4062 0.4141
vt 0.4062 0.3008
vt 0.6250 0.0039
vt 0.6523 0.0469
vt 0.6719 0.0039
vt 0.6875 0.0469
vt 0.7031 0.0039
vt 0.7305 0.0469
vt 0.7617 0.0039
vt 0.7695 0.0469
vt 0.8203 0.0469
vt 0.8203 0.0938
vt 0.8711 0.0898
vt 0.8867 0.0469
vt 0.8281 0.0039
vt 0.8867 0.0039
vt 0.8398 0.0469
vt 0.8906 0.0938
vt 0.8320 0.0898
vt 0.7695 0.0898
vt 0.8008 0.0898
vt 0.8008 0.0469
vt 0.6992 0.3008
vt 0.7070 0.1914
vt 0.8164 0.1875
vt 0.5898 0.1914
vt 0.5820 0.3008
vt 0.4492 0.3008
vt 0.4453 0.4141
vt 0.3125 0.3008
vt 0.3125 0.4141
vt 0.1797 0.4141
vt 0.3125 0.5156
vt 0.1797 0.5156
vt 0.0234 0.6328
vt 0.0195 0.8281
vt 0.0156 0.8906
vt 0.1445 0.8711
vt 0.1406 0.9531
vt 0.2852 0.9023
vt 0.2812 0.9531
vt 0.4062 0.9531
vt 0.2852 0.9883
vt 0.5977 0.8008
vt 0.5195 0.8320
vt 0.5234 0.8203
vt 0.5273 0.9023
vt 0.6680 0.8711
vt 0.6719 0.9531
vt 0.8008 0.9531
vt 0.9062 0.9883
vt 0.9961 0.9883
vt 0.9766 0.6328
vt 0.9766 0.8203
vt 0.9766 0.9531
vt 0.8711 0.9531
vt 0.9766 0.9883
vt 0.8867 0.9883
vt 0.4727 0.3008
vt 0.6172 0.1914
vt 0.7500 0.1914
vt 0.7461 0.1445
vt 0.8672 0.1445
vt 0.0039 0.0039
vt -0.0273 0.0039
vt 0.0547 0.0039
vt 0.1172 0.0039
vt 0.1445 0.0469
vt 0.4219 0.0977
vt 0.3281 0.1445
vt 0.1992 0.1445
vt 0.1953 0.1914
vt 0.0781 0.1445
vt 0.0781 0.1914
vt -0.0273 0.1445
vt -0.0273 0.1875
vt 0.2656 0.3008
vt 0.4062 0.1875
vt 0.2578 0.1914
vt 0.4062 0.1445
vt 0.2617 0.1445
vt 0.3555 0.0977
vt 0.1875 0.0938
vt 0.6797 0.9453
vt 0.6680 0.8789
vt 0.6992 0.9141
vt 0.6602 0.9141
vt 0.6406 0.9531
vt 0.6289 0.8945
vt 0.6055 0.9414
vt 0.5977 0.8945
vt 0.5703 0.9141
vt 0.5938 0.8555
vt 0.5586 0.8789
vt 0.2578 0.8555
vt 0.2930 0.8945
vt 0.2969 0.8555
vt 0.3242 0.9141
vt 0.3359 0.8789
vt 0.3438 0.9453
vt 0.3633 0.9141
vt 0.6797 0.9453
vt 0.6680 0.8789
vt 0.6992 0.9141
vt 0.6602 0.9141
vt 0.6406 0.9531
vt 0.6289 0.8945
vt 0.6055 0.9414
vt 0.5977 0.8945
vt 0.5703 0.9141
vt 0.5938 0.8555
vt 0.5586 0.8789
vt 0.2578 0.8555
vt 0.2930 0.8945
vt 0.2969 0.8555
vt 0.3242 0.9141
vt 0.3359 0.8789
vt 0.3438 0.9453
vt 0.3633 0.9141
vt 0.6797 0.9453
vt 0.6680 0.8789
vt 0.6992 0.9141
vt 0.6602 0.9141
vt 0.6406 0.9531
vt 0.6289 0.8945
vt 0.6055 0.9414
vt 0.5977 0.8945
vt 0.5703 0.9141
vt 0.5938 0.8555
vt 0.5586 0.8789
vt 0.4648 0.8633
vt 0.5273 0.9531
vt 0.5273 0.9883
vt 0.6875 0.9883
vt 0.9062 1.0000
vt 0.8164 0.9883
vt 0.5312 0.9141
vt 0.5469 0.9453
vt 0.5781 0.9688
vt 0.5430 0.9766
vt 0.5977 1.0000
vt 0.5703 0.9961
vt 0.6406 0.9961
vt 0.6641 0.9727
vt 0.7070 0.9531
vt 0.1289 0.1914
vt 0.1328 0.1445
vt 0.0117 0.1445
vt 0.6133 0.9805
vt 0.6445 0.9883
vt 0.6797 0.9766
vt 0.4336 0.9883
vt 0.8164 1.0000
vt 1.3203 0.9883
vt 0.5938 0.9883
vt 0.4375 0.9531
vt 0.5781 0.9531
vt 0.4336 0.9023
vt 0.5742 0.8711
vt 0.5078 0.8008
vt 0.0586 0.9883
vt -0.0273 1.0000
vt -0.0273 0.9883
vt 0.1914 0.9883
vt 0.0742 0.9531
vt 0.2031 0.9531
vt 0.0781 0.8906
vt 0.2109 0.8711
vt 0.2109 0.7656
vt 0.2773 0.8008
vt 0.3945 0.0859
vt 0.2500 0.0938
vt 0.2969 0.0859
vt 0.3477 0.0820
vt 0.6914 0.0039
vt 0.6289 0.0078
vt 0.5938 0.0430
vt 0.5625 0.0078
vt 0.5195 0.0039
vt 0.0859 0.8281
vt 0.2109 0.6328
vt 0.0898 0.6328
vt 0.0898 0.5156
vt 0.6133 0.9805
vt 0.5781 0.9688
vt 0.5977 1.0000
vt 0.5430 0.9766
vt 0.5703 0.9961
vt 0.5156 0.9492
vt 0.5430 0.9727
vt 0.4453 0.5156
vt 0.5742 0.5156
vt 0.5742 0.4141
vt 0.6992 0.4141
vt 0.8164 0.3008
vt 0.6133 0.9805
vt 0.5781 0.9688
vt 0.5977 1.0000
vt 0.5430 0.9766
vt 0.5703 0.9961
vt 0.5156 0.9492
vt 0.5430 0.9727
vt 0.0352 0.1914
vt -0.0781 0.1445
vt 0.0391 0.1445
vt -0.0781 0.1914
vt 0.0430 0.3008
vt -0.0742 0.3008
vt -0.1875 0.3008
vt 0.3516 0.6602
vt 0.4727 0.6562
vt 0.5938 0.6602
vt 0.5352 0.8516
vt 0.5938 0.8242
vt 0.5312 0.8438
vt 0.5898 0.8203
vt 1.0938 0.8281
vt 1.0977 0.6328
vt 1.0859 0.8906
vt 1.0820 0.9531
vt 1.0664 0.9883
vt 0.2305 0.9727
vt 0.2500 0.9961
vt 0.1836 0.9531
vt 0.2109 0.9766
vt 0.3125 0.1875
vt 0.4570 0.1914
vt 0.1719 0.3008
vt 0.0508 0.4141
vt 0.8164 0.4141
vt 0.6953 0.5156
vt 0.8164 0.5156
vt 0.6953 0.6328
vt 0.8164 0.6328
vt 0.4570 0.0977
vt 0.4805 0.0859
vt 0.5312 0.0820
vt 0.5781 0.0859
vt 0.1055 0.0039
vt 0.1406 0.0039
vt 0.1562 0.0469
vt 0.6641 0.9727
vt 0.6406 0.9961
vt 0.6445 0.9883
vt 0.2578 0.8555
vt 0.2930 0.8945
vt 0.2969 0.8555
vt 0.3242 0.9141
vt 0.3359 0.8789
vt 0.3633 0.9141
vt 0.6680 0.8008
vt 0.5938 0.9023
vt 0.4727 0.9531
vt 0.4727 0.9883
vt 0.2305 0.9727
vt 0.2500 0.9961
vt 0.1836 0.9531
vt 0.2109 0.9766
vt 0.7617 0.0898
vt 0.7031 0.0898
vt 0.7305 0.0898
vt 0.4062 0.9883
vt -0.0938 1.0000
vt 0.1250 0.9883
vt -0.0039 0.9883
vt 0.0078 0.9531
vt 0.2305 0.9727
vt 0.2500 0.9961
vt 0.1836 0.9531
vt 0.2109 0.9766
vt 0.8164 0.9883
vt 0.9062 0.9883
vt 0.7109 0.9531
vt 0.3125 0.9883
vt -0.1875 1.0000
vt 0.0312 0.9883
vt -0.0977 0.9883
vt -0.0820 0.9531
vt 0.6641 0.9727
vt 0.6406 0.9961
vt 0.6445 0.9883
vt 0.5859 0.1445
vt 0.4570 0.1445
vt 0.7070 0.1445
vt 0.8164 0.1445
vt 0.4258 0.8320
vt 0.3711 0.8633
vt 0.3125 0.8711
vt 0.2539 0.8633
vt 0.5469 0.9453
vt 0.5312 0.9141
vt 0.7344 0.5156
vt 0.6055 0.5156
vt 0.5859 0.8320
vt 0.5312 0.8633
vt 0.4727 0.8711
vt 0.4141 0.8633
vt 0.5469 0.9453
vt 0.5312 0.9141
vt 0.5156 0.9492
vt 0.5430 0.9727
vt 0.3438 0.9453
vt -0.0938 0.4141
vt -0.0938 0.3008
vt -0.0938 0.5156
vt -0.0938 0.6328
vt 0.1719 0.0039
vt 0.2070 0.0039
vt 0.9766 0.3008
vt 0.8555 0.4141
vt 0.9297 0.0430
vt 0.9414 0.0039
vt 0.9375 0.0898
vt 0.9766 0.0430
vt 0.9766 0.0039
vt 0.9766 0.0859
vt 0.2500 0.9883
vt 0.6328 0.8555
vt 0.4102 0.8516
vt 0.4727 0.8594
vt 0.3477 0.9531
vt 0.3516 0.9023
vt 0.3516 0.9883
vt 0.3516 0.8242
vt 0.2500 0.9883
vt 0.6797 0.9766
vt 0.7070 0.9531
vt 0.6328 0.8555
vt 0.4688 0.8516
vt 0.4062 0.8594
vt 0.4648 0.8438
vt 0.2500 0.9883
vt 0.6797 0.9766
vt 0.7070 0.9531
vt 0.6328 0.8555
vt 0.1914 0.6602
vt -0.0547 0.0898
vt -0.0938 0.0859
vt -0.1875 0.1875
vt -0.1875 0.1445
vt 0.7266 0.9883
vt 0.3164 0.0078
vt 0.2852 0.0430
vt 0.9062 0.1445
vt 0.9062 0.0430
vt 0.8711 0.0039
vt 0.9062 0.0039
vt 0.8633 0.0430
vt 0.9062 0.0859
vt 0.3516 0.8203
vt 0.4102 0.8438
vt 0.1641 0.1914
vt 0.1953 0.8320
vt 0.5273 0.8242
vt 0.8203 0.0039
vt 0.3555 0.8320
vt 0.3711 0.8438
vt 0.4336 0.8203
vt 0.9336 0.8281
vt 0.9375 0.6328
vt 0.3125 0.8516
vt 0.4727 0.8516
vt -0.1875 0.6328
vt 0.9062 0.1875
vt -0.0273 0.3008
vt -0.0273 0.6328
vt 0.9062 0.5156
vt 0.9062 0.4141
vt 0.9062 0.3008
vt -0.1875 0.9883
vt -0.0938 0.9883
vt 1.0273 0.6328
vt 1.4102 0.9883
vn 0.7993 0.6006 -0.0187
vn 0.8011 0.4655 -0.3761
vn 0.6168 0.6958 -0.3680
vn 0.8997 0.4097 0.1508
vn 0.4521 0.6025 0.6578
vn 0.5766 0.4101 0.7067
vn -0.1140 0.2494 0.9617
vn 0.5746 0.3659 0.7321
vn -0.0703 0.1353 0.9883
vn 0.6213 0.2991 0.7242
vn 0.0447 0.0151 0.9989
vn 0.6242 0.1624 0.7642
vn 0.1480 -0.1369 0.9795
vn 0.4165 0.6459 0.6398
vn -0.0786 0.3902 0.9174
vn -0.5625 0.8253 -0.0496
vn -0.8167 0.4322 0.3824
vn -0.9900 0.1375 0.0308
vn -0.9796 0.2009 -0.0022
vn -0.4219 0.6957 0.5814
vn -0.3842 0.6686 0.6367
vn -0.0854 0.2656 0.9603
vn -0.6067 -0.3169 0.7290
vn 0.0216 -0.6560 0.7545
vn -0.1999 -0.9574 0.2084
vn 0.3261 -0.8461 0.4216
vn -0.2463 -0.9582 0.1456
vn -0.0475 -0.5593 0.8276
vn -0.6086 -0.6444 0.4629
vn -0.4882 -0.6503 0.5820
vn -0.8505 -0.4672 -0.2418
vn -0.5571 -0.5918 -0.5826
vn -0.3083 -0.2844 -0.9078
vn 0.6359 -0.3074 -0.7079
vn 0.5884 -0.1860 -0.7869
vn 0.7654 -0.6042 -0.2215
vn 0.9688 -0.1759 -0.1744
vn 0.0724 0.0139 0.9973
vn 0.0116 -0.3942 0.9190
vn 0.1774 -0.4466 0.8770
vn 0.0919 -0.0750 0.9929
vn 0.3311 0.5996 0.7286
vn 0.8076 0.0382 0.5885
vn 0.3991 0.5880 0.7036
vn 0.7222 -0.0176 0.6914
vn 0.4515 0.7109 0.5392
vn -0.1760 0.6623 0.7282
vn -0.6290 0.6943 0.3497
vn -0.9376 -0.0100 0.3475
vn -0.5525 0.6715 0.4938
vn -0.9628 -0.0116 0.2701
vn -0.6397 0.0871 0.7637
vn -0.6524 -0.3370 0.6788
vn -0.6577 -0.0200 0.7530
vn -0.7840 -0.3906 0.4824
vn -0.9978 0.0163 -0.0636
vn -0.6608 -0.4188 -0.6228
vn -0.4192 -0.0177 -0.9077
vn -0.3602 -0.4463 -0.8192
vn -0.2938 0.0381 -0.9551
vn -0.9088 -0.0753 -0.4103
vn -0.5817 0.5997 -0.5495
vn -0.9196 0.0139 -0.3926
vn -0.5968 0.7542 -0.2740
vn -0.1733 0.6629 -0.7284
vn 0.3480 0.7648 -0.5421
vn 0.5226 0.0352 -0.8519
vn 0.2433 0.7603 -0.6023
vn 0.3850 0.0350 -0.9223
vn 0.1304 0.7779 -0.6147
vn 0.2176 -0.0514 -0.9747
vn 0.2240 0.8535 -0.4705
vn 0.4948 -0.0702 -0.8662
vn 0.4217 0.9001 -0.1097
vn 0.3788 0.8431 -0.3816
vn 0.3157 0.7916 0.5232
vn -0.1726 0.4025 0.8990
vn -0.7113 -0.1526 0.6861
vn -0.5966 -0.3214 0.7354
vn -0.4269 -0.4538 0.7822
vn -0.2925 -0.5286 0.7969
vn -0.5188 -0.2265 0.8243
vn -0.9142 -0.1842 0.3609
vn -0.8599 -0.2396 -0.4507
vn -0.9149 0.3668 -0.1689
vn -0.9918 -0.0879 -0.0929
vn -0.7759 0.2519 -0.5784
vn -0.4794 -0.5900 -0.6496
vn -0.4894 0.0603 -0.8700
vn -0.2785 0.4206 -0.8634
vn -0.4222 0.3982 -0.8144
vn 0.0308 0.0519 -0.9982
vn -0.5143 -0.4673 -0.7191
vn 0.1407 -0.2406 -0.9604
vn 0.2744 -0.4873 -0.8290
vn 0.8205 -0.0700 -0.5673
vn 0.4039 -0.6147 -0.6775
vn 0.8752 -0.1463 -0.4612
vn 0.3908 -0.5601 -0.7305
vn 0.8126 -0.1402 -0.5657
vn 0.4833 0.0521 -0.8739
vn 0.3579 -0.5844 -0.7283
vn 0.1190 0.0682 -0.9905
vn -0.5005 0.7298 0.4658
vn -0.4952 0.4734 0.7285
vn -0.3442 0.6448 0.6825
vn -0.7480 0.4380 0.4987
vn -0.6353 0.7537 -0.1680
vn -0.7490 0.6171 -0.2413
vn -0.3210 0.5440 -0.7752
vn -0.3541 0.4239 -0.8337
vn 0.1131 0.7938 -0.5975
vn 0.3096 0.0688 -0.9484
vn 0.4678 0.7497 -0.4681
vn 0.8000 -0.3513 -0.4864
vn 0.7763 0.6090 -0.1630
vn 0.8417 0.4592 0.2841
vn 0.8909 0.3577 0.2799
vn 0.6707 0.3161 0.6710
vn 0.7526 0.1070 0.6498
vn 0.5519 0.2273 0.8023
vn 0.9771 0.2041 -0.0607
vn 0.5526 0.4872 -0.6762
vn 0.9099 0.3990 0.1135
vn 0.6592 0.2582 -0.7063
vn 0.8939 0.4468 0.0348
vn 0.5686 0.3883 -0.7252
vn 0.9403 0.3386 -0.0346
vn 0.5637 0.5209 -0.6410
vn 0.6746 -0.1534 -0.7221
vn -0.2375 -0.1284 -0.9629
vn 0.2497 -0.8783 -0.4077
vn -0.4940 -0.4686 -0.7324
vn -0.3495 -0.4390 -0.8277
vn -0.3567 0.2534 -0.8992
vn -0.3713 0.1038 -0.9227
vn -0.4860 -0.2794 0.8281
vn -0.7037 0.0089 0.7104
vn -0.7199 -0.0200 0.6938
vn -0.4228 -0.2274 0.8772
vn 0.2189 -0.6086 0.7627
vn -0.2006 -0.2297 0.9524
vn 0.3300 -0.4238 0.8435
vn 0.1377 -0.0514 0.9891
vn 0.3820 -0.1924 0.9039
vn 0.1673 0.1141 0.9793
vn 0.4451 -0.0186 0.8953
vn 0.4338 0.3344 0.8367
vn 0.8817 0.0566 0.4685
vn 0.8463 0.3469 0.4043
vn 0.8169 0.5339 -0.2184
vn 0.6272 0.6909 0.3596
vn -0.1023 0.3232 0.9408
vn -0.7454 0.4152 0.5215
vn -0.8155 -0.1093 0.5683
vn -0.9723 -0.1085 -0.2071
vn -0.9413 -0.2957 -0.1630
vn -0.5535 -0.3032 -0.7757
vn -0.5577 -0.2798 -0.7815
vn 0.1516 -0.2958 -0.9431
vn 0.1582 -0.2797 -0.9470
vn 0.5114 -0.2600 -0.8191
vn 0.5229 -0.1593 -0.8374
vn -0.5690 -0.1751 -0.8035
vn -0.9643 -0.2006 -0.1730
vn -0.9469 -0.2799 -0.1579
vn -0.7943 -0.2183 0.5670
vn -0.7814 -0.2800 0.5577
vn -0.1584 -0.2800 0.9468
vn -0.1517 -0.2957 0.9431
vn 0.5579 -0.2797 0.7814
vn 0.5536 -0.3031 0.7757
vn 0.9413 -0.2956 0.1630
vn 0.9715 -0.1145 0.2075
vn 0.9829 -0.1151 -0.1434
vn 0.8094 0.4220 -0.4083
vn -0.0602 0.8499 0.5235
vn 0.1216 0.9779 0.1703
vn -0.1319 0.9682 0.2127
vn 0.3038 0.8476 0.4350
vn -0.0914 0.6056 0.7905
vn 0.4753 0.5721 0.6684
vn 0.5423 0.3177 0.7778
vn 0.9140 0.3684 0.1696
vn 0.5940 0.1660 0.7872
vn 0.9627 0.1860 0.1967
vn 0.5979 -0.0299 0.8010
vn 0.9854 -0.0304 0.1676
vn 0.9717 -0.1719 0.1621
vn 0.9619 -0.1591 -0.2222
vn 0.9408 -0.2599 -0.2175
vn 0.6291 -0.0433 -0.7761
vn 0.6332 0.4951 -0.5950
vn 0.7997 0.3776 -0.4668
vn 0.5144 0.0927 -0.8525
vn 0.1299 -0.2343 -0.9634
vn 0.1088 0.3105 -0.9443
vn -0.3995 0.0170 -0.9166
vn -0.3542 0.4654 -0.8112
vn -0.7871 0.2463 -0.5655
vn -0.5328 0.7596 -0.3730
vn -0.9156 0.3904 0.0961
vn -0.5408 0.8050 0.2438
vn -0.9097 0.2471 0.3338
vn -0.4881 0.7082 0.5102
vn -0.1065 -0.0781 -0.9912
vn 0.2946 0.2606 -0.9194
vn 0.3818 0.0906 -0.9198
vn -0.1090 0.0600 -0.9922
vn -0.5717 -0.0505 -0.8189
vn -0.3863 0.3178 -0.8659
vn -0.8528 0.2298 -0.4689
vn -0.6478 0.5723 -0.5029
vn -0.8827 0.4664 0.0569
vn -0.3832 0.9236 -0.0044
vn -0.4846 0.5121 0.7092
vn 0.0979 0.7974 0.5954
vn -0.4044 0.3005 0.8638
vn 0.2698 0.5416 0.7962
vn -0.1476 -0.2640 0.9532
vn -0.3688 0.2429 0.8972
vn -0.4973 0.1252 0.8585
vn -0.0836 -0.1462 0.9857
vn 0.3359 -0.4256 0.8403
vn 0.2502 0.0397 0.9674
vn 0.7529 -0.1879 0.6307
vn 0.6381 0.2826 0.7162
vn 0.9733 0.1648 0.1599
vn 0.5720 0.7844 0.2397
vn 0.7106 0.4696 -0.5240
vn 0.2161 0.8973 -0.3850
vn 0.5787 0.3301 -0.7457
vn 0.0187 0.7868 -0.6169
vn -0.7261 0.4084 -0.5531
vn -0.8773 -0.4795 -0.0198
vn -0.3508 -0.7559 -0.5527
vn -0.7130 -0.6941 0.0990
vn -0.1731 -0.8989 -0.4025
vn -0.5168 -0.8320 0.2019
vn -0.4521 -0.8559 0.2509
vn 0.2360 0.5118 0.8261
vn -0.5668 0.0502 0.8223
vn -0.0113 0.0626 0.9980
vn -0.6450 0.0049 0.7642
vn 0.0009 0.0664 0.9978
vn -0.3177 0.7815 0.5369
vn 0.5717 0.6882 0.4467
vn 0.1370 0.9812 -0.1362
vn 0.0363 0.9993 0.0082
vn -0.7151 0.3763 -0.5892
vn -0.7669 0.4324 -0.4742
vn 0.9973 0.0352 -0.0642
vn 0.8941 -0.4455 -0.0465
vn 0.8793 -0.4713 -0.0691
vn 0.9754 0.0354 -0.2174
vn 0.6487 0.7603 -0.0344
vn 0.6260 0.7647 -0.1529
vn 0.0653 0.7543 0.6533
vn 0.6326 0.6628 0.4007
vn 0.8413 -0.0346 0.5394
vn -0.8851 0.3460 -0.3112
vn -0.7676 0.6145 -0.1819
vn -0.6498 0.7466 0.1428
vn -0.4030 0.5252 -0.7495
vn -0.5079 0.1244 -0.8524
vn 0.0258 -0.2526 -0.9672
vn 0.1225 -0.1744 -0.9770
vn 0.4702 -0.6537 -0.5929
vn 0.5249 -0.6298 -0.5726
vn 0.5134 -0.8493 0.1232
vn 0.6674 -0.5117 -0.5411
vn 0.6608 -0.7289 0.1791
vn 0.6581 -0.0278 -0.7525
vn 0.2506 0.2252 -0.9415
vn 0.1474 0.4074 -0.9013
vn -0.0762 0.2498 -0.9653
vn -0.1711 0.5462 -0.8200
vn -0.5868 0.2140 -0.7810
vn -0.6140 0.4564 -0.6439
vn -0.8420 0.5067 -0.1852
vn -0.5197 0.7059 -0.4813
vn -0.4375 0.6853 0.5822
vn -0.6277 -0.3455 0.6975
vn -0.6584 0.3405 0.6712
vn -0.7295 0.4503 0.5148
vn -0.2574 0.5739 0.7774
vn -0.3109 0.7897 0.5288
vn 0.1423 0.9223 0.3592
vn 0.1032 0.9830 -0.1519
vn 0.2123 0.9100 -0.3562
vn 0.8845 -0.0053 -0.4666
vn 0.8002 0.1962 -0.5668
vn 0.6742 0.5679 -0.4722
vn 0.7987 0.5807 0.1578
vn 0.4899 0.8113 -0.3190
vn 0.5139 0.8513 0.1056
vn -0.7804 -0.2838 0.5571
vn -0.1131 -0.0994 0.9886
vn 0.5797 -0.0955 0.8092
vn 0.5724 0.2765 0.7719
vn 0.9175 0.3348 0.2147
vn 0.1927 -0.5006 -0.8439
vn 0.4699 -0.5414 -0.6972
vn 0.3511 -0.4714 -0.8090
vn 0.3345 -0.4458 -0.8303
vn -0.2368 -0.0346 -0.9709
vn -0.6248 0.6972 0.3515
vn -0.9216 0.3322 -0.2006
vn -0.5441 0.2767 -0.7921
vn -0.5765 -0.0952 -0.8115
vn 0.0951 0.3349 -0.9375
vn 0.1190 -0.1143 -0.9863
vn 0.4951 0.0323 -0.8682
vn 0.4552 -0.1150 -0.8829
vn -0.2050 -0.8960 -0.3940
vn -0.4989 -0.8356 0.2300
vn -0.1658 -0.8720 -0.4605
vn -0.7495 -0.6541 -0.1016
vn -0.3421 -0.7506 -0.5654
vn -0.8231 -0.4491 -0.3474
vn -0.2990 -0.3944 -0.8690
vn -0.7512 0.6574 -0.0593
vn -0.7586 0.3845 -0.5260
vn -0.8596 0.5105 -0.0218
vn -0.7008 0.5110 -0.4978
vn -0.3880 0.6987 -0.6011
vn -0.3716 0.3225 -0.8706
vn 0.0949 0.4680 -0.8786
vn 0.1226 0.1284 -0.9841
vn 0.5612 0.0436 -0.8265
vn 0.0449 0.0176 -0.9988
vn 0.5267 -0.1255 -0.8408
vn 0.2127 -0.3942 -0.8941
vn -0.3643 -0.4078 -0.8372
vn -0.3101 -0.5626 -0.7664
vn -0.7811 -0.3088 -0.5427
vn -0.7563 -0.4870 -0.4370
vn -0.9834 -0.0368 -0.1774
vn -0.9807 -0.1936 -0.0258
vn 0.5122 0.6955 0.5040
vn 0.4499 0.2541 0.8562
vn 0.6977 0.5469 0.4628
vn 0.3262 0.4038 0.8547
vn -0.0810 0.6245 0.7768
vn -0.0851 0.1218 0.9889
vn -0.5826 0.3205 0.7469
vn -0.5480 -0.1034 0.8301
vn -0.8891 -0.1294 0.4391
vn -0.4861 -0.2706 0.8309
vn -0.8497 -0.3319 0.4097
vn 0.2725 -0.5330 0.8011
vn 0.7218 -0.5119 0.4659
vn 0.6460 -0.6208 0.4442
vn 0.9385 -0.3441 0.0272
vn 0.8727 -0.4869 -0.0376
vn 0.9323 -0.0144 -0.3613
vn 0.8615 -0.1491 -0.4854
vn 0.9652 0.2607 0.0200
vn 0.9027 -0.0781 0.4231
vn 0.9939 0.0907 -0.0623
vn 0.9028 0.0600 0.4259
vn 0.6933 0.3178 0.6468
vn 0.5888 -0.0504 0.8067
vn 0.1667 0.2297 0.9589
vn 0.0684 -0.0628 0.9957
vn -0.4190 0.0598 0.9060
vn 0.0934 -0.1724 0.9806
vn -0.4206 -0.0860 0.9032
vn -0.9438 -0.1020 0.3143
vn -0.7180 0.6285 0.2993
vn -0.5819 0.8090 0.0835
vn -0.3546 0.9153 0.1909
vn -0.3464 0.9356 -0.0687
vn -0.0940 0.9907 0.0983
vn -0.8058 0.0783 0.5869
vn -0.7472 0.2322 0.6227
vn -0.3405 0.4665 0.8164
vn -0.8281 0.5122 0.2276
vn -0.1201 0.9237 0.3639
vn -0.5314 0.7975 -0.2857
vn 0.1985 0.8350 -0.5133
vn 0.1482 0.5564 -0.8176
vn 0.7853 0.3175 -0.5315
vn 0.1811 -0.3555 -0.9170
vn 0.0761 -0.4328 -0.8983
vn -0.0608 0.0580 -0.9965
vn 0.2654 0.5723 0.7759
vn 0.6424 0.7246 0.2496
vn 0.7691 0.5160 -0.3773
vn 0.3285 0.9014 -0.2821
vn 0.1289 0.9911 0.0338
vn 0.3298 0.9437 0.0256
vn 0.0044 0.9724 -0.2332
vn 0.3763 0.7188 -0.5845
vn -0.1431 0.8457 -0.5141
vn 0.2993 0.5726 -0.7633
vn -0.2351 0.6640 -0.7098
vn -0.0535 0.7824 -0.6205
vn -0.0875 0.8805 -0.4659
vn -0.1215 0.9779 -0.1703
vn 0.1320 0.9682 -0.2127
vn -0.3100 0.8457 -0.4344
vn -0.2331 0.5700 -0.7879
vn -0.4733 0.5828 -0.6606
vn -0.2971 0.3601 -0.8844
vn -0.5694 0.3123 -0.7604
vn -0.5572 0.1633 -0.8142
vn -0.5944 0.5344 -0.6010
vn -0.5535 0.7028 0.4469
vn -0.5361 0.5880 -0.6057
vn -0.3631 0.7110 -0.6022
vn -0.7459 0.6623 -0.0701
vn 0.6575 -0.4462 0.6071
vn 0.3745 -0.4185 0.8274
vn -0.2640 0.0164 0.9644
vn -0.7158 -0.3962 0.5751
vn -0.9218 -0.3472 0.1724
vn -0.3222 0.2287 -0.9186
vn -0.5636 -0.0305 -0.8255
vn 0.0253 -0.0581 -0.9980
vn 0.1624 -0.1719 -0.9716
vn 0.0496 0.7911 -0.6097
vn 0.5733 0.4980 -0.6507
vn 0.3979 0.9078 -0.1329
vn 0.9634 0.2676 -0.0143
vn 0.6281 0.5810 0.5176
vn 0.9929 -0.0443 0.1102
vn 0.6172 0.2561 0.7440
vn 0.2330 -0.0575 -0.9708
vn -0.3781 0.3477 -0.8580
vn -0.4584 0.2506 -0.8527
vn -0.8770 0.3957 -0.2726
vn -0.9139 0.3913 0.1079
vn -0.4988 0.7051 0.5040
vn -0.8785 0.3975 0.2648
vn -0.5699 0.8209 -0.0366
vn -0.8592 0.2965 -0.4170
vn -0.4461 0.6477 -0.6176
vn -0.8085 0.0797 -0.5830
vn -0.3422 0.4662 -0.8158
vn 0.2948 -0.4316 0.8525
vn 0.3073 -0.1046 0.9459
vn -0.0079 -0.3405 0.9402
vn -0.0512 -0.1712 0.9839
vn 0.1118 -0.6630 0.7402
vn -0.4027 -0.2709 0.8743
vn -0.6480 0.0970 0.7555
vn -0.9798 -0.0687 -0.1880
vn -0.8085 -0.1153 0.5771
vn -0.1406 -0.0687 0.9877
vn -0.1421 0.7652 0.6279
vn 0.2275 0.6429 0.7314
vn -0.1658 0.6794 0.7148
vn 0.1668 0.4788 0.8619
vn 0.5229 0.1647 -0.8363
vn 0.5287 0.0532 -0.8471
vn 0.5267 0.3644 -0.7680
vn 0.4324 0.5759 -0.6938
vn 0.3751 0.7051 -0.6018
vn 0.8215 0.5561 0.1257
vn 0.5499 0.8350 -0.0211
vn 0.7578 0.3176 -0.5701
vn 0.6065 0.5160 -0.6048
vn 0.5726 -0.7020 -0.4234
vn 0.0748 0.0928 -0.9929
vn 0.5371 -0.8367 0.1072
vn 0.0946 -0.7042 0.7037
vn -0.9329 0.3477 0.0941
vn -0.8499 0.4479 -0.2774
vn -0.9204 0.3757 0.1083
vn -0.8403 0.4797 -0.2526
vn -0.8734 0.3385 0.3502
vn -0.8306 -0.4540 -0.3224
vn -0.7881 -0.5323 -0.3090
vn -0.9812 -0.1899 -0.0336
vn -0.9441 0.3074 -0.1190
vn 0.7667 -0.6374 0.0768
vn 0.6887 -0.7171 0.1073
vn 0.2715 -0.8721 -0.4071
vn -0.1671 0.5107 0.8434
vn -0.0607 0.7844 0.6173
vn -0.3099 0.9409 -0.1365
vn -0.5860 -0.1694 -0.7924
vn -0.9196 -0.0627 -0.3879
vn -0.8969 -0.1723 -0.4072
vn -0.9929 0.0599 0.1023
vn -0.9909 -0.0858 0.1041
vn -0.8168 0.0785 0.5716
vn 0.3755 0.5352 0.7566
vn -0.0388 0.4253 0.9042
vn -0.6255 0.6399 0.4465
vn -0.4868 0.8138 0.3173
vn -0.5116 0.8576 -0.0538
vn -0.2614 0.9574 0.1226
vn -0.6624 0.5431 0.5161
vn -0.4886 0.6432 0.5895
vn -0.5742 0.5006 -0.6479
vn -0.9933 -0.0306 -0.1111
vn -0.8688 0.4535 -0.1987
vn -0.7035 0.6769 -0.2167
vn -0.3167 0.8867 -0.3367
vn -0.2658 0.7769 -0.5708
vn -0.1474 0.8545 -0.4982
vn 0.0414 0.6247 -0.7797
vn 0.1611 0.9224 0.3512
vn 0.0229 0.9967 0.0778
vn 0.6552 0.7539 -0.0479
vn 0.4931 0.8393 -0.2289
vn -0.2612 0.8841 0.3874
vn -0.2567 0.7394 0.6224
vn -0.4776 0.8729 -0.0997
vn 0.6747 0.7351 -0.0662
vn 0.2593 0.8960 0.3605
vn 0.3655 0.6924 0.6221
vn 0.1624 0.7675 0.6201
vn 0.1668 0.3759 0.9115
vn 0.2670 0.7471 -0.6088
vn 0.0769 0.9067 -0.4146
vn -0.0331 0.9492 0.3130
vn 0.1436 0.5162 -0.8443
vn 0.2424 0.2989 -0.9230
vn -0.2263 0.9663 -0.1230
vn -0.3968 0.8675 0.3000
vn 0.2805 -0.1166 -0.9527
vn 0.6499 0.0776 -0.7561
vn 0.9021 0.0259 -0.4308
vn 0.9781 -0.2035 -0.0439
vn -0.9994 -0.0103 -0.0319
vn -0.9709 -0.2096 -0.1154
vn 0.5750 -0.1751 0.7992
vn -0.1497 -0.2006 0.9682
vn -0.1710 -0.2074 0.9632
vn -0.4985 0.1266 0.8576
vn -0.7927 0.2271 0.5657
vn -0.9729 0.1279 0.1925
vn 0.8703 0.0456 -0.4904
vn 0.8725 -0.1610 -0.4613
vn -0.9483 0.3006 0.1016
vn -0.6653 0.5420 -0.5134
vn -0.8318 0.2321 0.5042
vn 0.9724 0.0952 -0.2129
vn 0.9194 0.2482 -0.3051
vn 0.9626 0.1331 -0.2360
vn 0.9534 0.1349 -0.2700
vn -0.7718 -0.4466 -0.4526
vn -0.8651 -0.3944 -0.3099
vn 0.9399 -0.2638 -0.2170
vn 0.9470 -0.2796 0.1581
vn 0.9925 -0.0514 0.1110
vn 0.8606 -0.5008 0.0921
vn 0.6238 0.7779 0.0763
vn 0.9800 -0.0700 -0.1863
vn 0.8121 -0.5415 -0.2174
vn 0.9138 0.3934 -0.1006
vn -0.0276 0.7247 -0.6886
vn 0.5589 -0.1692 0.8118
vn -0.6592 0.7492 -0.0644
vn -0.5116 0.7798 0.3609
vn -0.7749 0.6112 -0.1612
vn -0.8717 0.4207 -0.2514
vn -0.5147 0.8499 -0.1132
vn -0.6178 0.6448 -0.4501
vn 0.0702 0.7783 -0.6240
vn 0.4656 0.8847 0.0201
vn 0.6589 0.7478 -0.0813
vn 0.0044 -0.0488 0.9988
vn -0.8019 0.5618 0.2031
vn -0.8713 0.4559 -0.1814
vn -0.8670 0.4160 0.2744
vn 0.0601 0.6050 0.7940
vn -0.5722 0.7339 0.3661
vn -0.6812 0.5602 0.4713
vn -0.4200 0.2067 -0.8837
vn 0.8050 -0.5216 0.2827
vn -0.3704 0.0333 -0.9283
vn -0.4360 0.1163 -0.8924
vn 0.1784 -0.7128 0.6783
vn 0.2986 -0.1382 0.9443
vn -0.2080 0.9780 0.0179
vn 0.0851 -0.7621 0.6419
vn 0.0419 -0.9920 -0.1192
vn -0.2017 0.7250 -0.6586
vn 0.2429 0.9701 0.0007
vn 0.5307 0.6182 0.5798
vn 0.6988 0.5847 0.4121
vn -0.0510 0.9807 0.1885
vn -0.4034 0.8023 -0.4399
vn -0.7601 0.4805 -0.4374
vn -0.7394 0.6695 -0.0705
vn 0.6127 -0.7778 0.1400
vn 0.7658 -0.5959 0.2417
vn -0.5670 0.6408 0.5176
vn 0.5935 0.6491 0.4759
vn -0.9666 -0.2059 -0.1525
vn 0.4569 0.6666 -0.5890
vn 0.1370 0.5935 -0.7931
vn -0.5651 0.2738 0.7782
vn -0.6116 0.1374 0.7792
vn 0.7896 0.5696 -0.2282
vn -0.5512 0.7367 0.3916
vn -0.6742 0.0038 0.7385
vn 0.4578 0.8533 0.2496
vn 0.5106 -0.2637 -0.8184
vn 0.5259 -0.1142 -0.8428
vn 0.8248 0.3774 0.4211
vn 0.8333 0.3392 0.4366
vn 0.8137 0.4030 0.4189
vn 0.0455 0.9339 0.3546
vn -0.1812 0.9491 -0.2578
vn 0.8755 0.3293 -0.3537
vn -0.4791 0.8656 -0.1457
usemtl m7
s 1
f 1597/1597/1194 1598/1598/1195 1599/1599/1196
f 1598/1598/1195 1597/1597/1194 1600/1600/1197
f 1601/1601/1198 1600/1600/1197 1597/1597/1194
f 1600/1600/1197 1601/1601/1198 1602/1602/1199
f 1603/1603/1200 1602/1602/1199 1601/1601/1198
f 1602/1602/1199 1603/1603/1200 1604/1604/1201
f 1605/1605/1202 1604/1604/1201 1603/1603/1200
f 1604/1604/1201 1605/1605/1202 1606/1606/1203
f 1607/1607/1204 1606/1606/1203 1605/1605/1202
f 1606/1606/1203 1607/1607/1204 1608/1608/1205
f 1609/1609/1206 1608/1608/1205 1607/1607/1204
f 1608/1608/1205 1609/1609/1206 1610/1610/1207
f 1611/1611/1208 1610/1610/1207 1609/1609/1206
f 1610/1610/1207 1611/1611/1208 1612/1612/1209
f 1613/1613/1210 1612/1612/1209 1611/1611/1208
f 1612/1612/1209 1613/1613/1210 1614/1614/1211
f 1615/1615/1212 1614/1614/1211 1613/1613/1210
f 1614/1614/1211 1615/1615/1212 1616/1616/1213
f 1617/1617/1214 1616/1616/1213 1615/1615/1212
f 1616/1616/1213 1617/1617/1214 1618/1618/1215
f 1619/1619/1216 1618/1618/1215 1617/1617/1214
f 1618/1618/1215 1619/1619/1216 1620/1620/1217
f 1621/1621/1218 1620/1620/1217 1619/1619/1216
f 1620/1620/1217 1621/1621/1218 1622/1622/1219
f 1623/1623/1220 1622/1622/1219 1621/1621/1218
f 1622/1622/1219 1623/1623/1220 1624/1624/1221
f 1625/1625/1222 1624/1624/1221 1623/1623/1220
f 1624/1624/1221 1625/1625/1222 1626/1626/1223
f 1627/1627/1224 1626/1626/1223 1625/1625/1222
f 1626/1626/1223 1627/1627/1224 1628/1628/1225
f 1629/1629/1226 1628/1628/1225 1627/1627/1224
f 1628/1628/1225 1629/1629/1226 1630/1630/1227
f 1631/1631/1228 1630/1630/1227 1629/1629/1226
f 1630/1630/1227 1631/1631/1228 1632/1632/1229
f 1633/1633/1230 1632/1632/1229 1631/1631/1228
f 1634/1634/1231 1635/1635/1232 1636/1636/1233
f 1635/1635/1232 1634/1634/1231 1637/1637/1234
f 1638/1638/1235 1637/1637/1234 1634/1634/1231
f 1637/1637/1234 1638/1638/1235 1639/1639/1236
f 1640/1640/1237 1639/1639/1236 1638/1638/1235
f 1639/1639/1236 1640/1640/1237 1641/1641/1238
f 1642/1642/1239 1641/1641/1238 1640/1640/1237
f 1641/1641/1238 1642/1642/1239 1643/1643/1240
f 1644/1644/1241 1643/1643/1240 1642/1642/1239
f 1643/1643/1240 1644/1644/1241 1645/1645/1242
f 1646/1646/1243 1645/1645/1242 1644/1644/1241
f 1645/1645/1242 1646/1646/1243 1647/1647/1244
f 1648/1648/1245 1647/1647/1244 1646/1646/1243
f 1647/1647/1244 1648/1648/1245 1649/1649/1246
f 1650/1650/1247 1649/1649/1246 1648/1648/1245
f 1649/1649/1246 1650/1650/1247 1651/1651/1248
f 1652/1652/1249 1651/1651/1248 1650/1650/1247
f 1651/1651/1248 1652/1652/1249 1653/1653/1250
f 1654/1654/1251 1653/1653/1250 1652/1652/1249
f 1653/1653/1250 1654/1654/1251 1655/1655/1252
f 1656/1656/1253 1655/1655/1252 1654/1654/1251
f 1655/1655/1252 1656/1656/1253 1657/1657/1254
f 1658/1658/1255 1657/1657/1254 1656/1656/1253
f 1657/1657/1254 1658/1658/1255 1659/1659/1256
f 1660/1660/1257 1659/1659/1256 1658/1658/1255
f 1659/1659/1256 1660/1660/1257 1661/1661/1258
f 1662/1662/1259 1661/1661/1258 1660/1660/1257
f 1661/1661/1258 1662/1662/1259 1663/1663/1260
f 1664/1664/1261 1663/1663/1260 1662/1662/1259
f 1663/1663/1260 1664/1664/1261 1665/1665/1262
f 1666/1666/1263 1665/1665/1262 1664/1664/1261
f 1665/1665/1262 1666/1666/1263 1667/1667/1264
f 1668/1668/1265 1667/1667/1264 1666/1666/1263
f 1667/1667/1264 1668/1668/1265 1669/1669/1266
f 1670/1670/1267 1599/1599/1196 1671/1671/1268
f 1599/1599/1196 1670/1670/1267 1597/1597/1194
f 1672/1672/1269 1597/1597/1194 1670/1670/1267
f 1597/1597/1194 1672/1672/1269 1601/1601/1198
f 1673/1673/1270 1601/1601/1198 1672/1672/1269
f 1601/1601/1198 1673/1673/1270 1603/1603/1200
f 1674/1674/1271 1603/1603/1200 1673/1673/1270
f 1603/1603/1200 1674/1674/1271 1605/1605/1202
f 1675/1675/1272 1605/1605/1202 1674/1674/1271
f 1605/1605/1202 1675/1675/1272 1607/1607/1204
f 1676/1676/1273 1607/1607/1204 1675/1675/1272
f 1607/1607/1204 1676/1676/1273 1609/1609/1206
f 1677/1677/1274 1609/1609/1206 1676/1676/1273
f 1609/1609/1206 1677/1677/1274 1611/1611/1208
f 1678/1678/1275 1611/1611/1208 1677/1677/1274
f 1611/1611/1208 1678/1678/1275 1613/1613/1210
f 1679/1679/1276 1613/1613/1210 1678/1678/1275
f 1613/1613/1210 1679/1679/1276 1615/1615/1212
f 1680/1680/1277 1681/1681/1278 1682/1682/1279
f 1681/1681/1278 1680/1680/1277 1683/1683/1280
f 1684/1684/1281 1683/1683/1280 1680/1680/1277
f 1683/1683/1280 1684/1684/1281 1685/1685/1282
f 1686/1686/1283 1685/1685/1282 1684/1684/1281
f 1685/1685/1282 1686/1686/1283 1687/1687/1284
f 1688/1688/1285 1687/1687/1284 1686/1686/1283
f 1687/1687/1284 1688/1688/1285 1689/1689/1286
f 1690/1690/1287 1689/1689/1286 1688/1688/1285
f 1689/1689/1286 1690/1690/1287 1691/1691/1288
f 1692/1692/1289 1691/1691/1288 1690/1690/1287
f 1691/1691/1288 1692/1692/1289 1693/1693/1290
f 1694/1694/1291 1693/1693/1290 1692/1692/1289
f 1693/1693/1290 1694/1694/1291 1695/1695/1292
f 1696/1696/1293 1695/1695/1292 1694/1694/1291
f 1695/1695/1292 1696/1696/1293 1697/1697/1294
f 1698/1698/1295 1697/1697/1294 1696/1696/1293
f 1697/1697/1294 1698/1698/1295 1699/1699/1296
f 1700/1700/1297 1701/1701/1298 1702/1702/1299
f 1701/1701/1298 1700/1700/1297 1703/1703/1300
f 1704/1704/1301 1703/1703/1300 1700/1700/1297
f 1703/1703/1300 1704/1704/1301 1705/1705/1302
f 1706/1706/1303 1705/1705/1302 1704/1704/1301
f 1705/1705/1302 1706/1706/1303 1707/1707/1304
f 1708/1708/1305 1707/1707/1304 1706/1706/1303
f 1707/1707/1304 1708/1708/1305 1709/1709/1306
f 1710/1710/1307 1709/1709/1306 1708/1708/1305
f 1709/1709/1306 1710/1710/1307 1711/1711/1308
f 1712/1712/1309 1711/1711/1308 1710/1710/1307
f 1711/1711/1308 1712/1712/1309 1713/1713/1310
f 1714/1714/1311 1713/1713/1310 1712/1712/1309
f 1713/1713/1310 1714/1714/1311 1715/1715/1312
f 1716/1716/1313 1715/1715/1312 1714/1714/1311
f 1715/1715/1312 1716/1716/1313 1717/1717/1314
f 1718/1718/1315 1719/1719/1316 1720/1720/1317
f 1719/1719/1316 1718/1718/1315 1721/1721/1318
f 1722/1722/1319 1721/1721/1318 1718/1718/1315
f 1721/1721/1318 1722/1722/1319 1723/1723/1320
f 1724/1724/1321 1723/1723/1320 1722/1722/1319
f 1723/1723/1320 1724/1724/1321 1725/1725/1322
f 1726/1726/1323 1725/1725/1322 1724/1724/1321
f 1725/1725/1322 1726/1726/1323 1727/1727/1324
f 1728/1728/1325 1727/1727/1324 1726/1726/1323
f 1727/1727/1324 1728/1728/1325 1729/1729/1326
f 1730/1730/1327 1729/1729/1326 1728/1728/1325
f 1729/1729/1326 1730/1730/1327 1731/1731/1328
f 1732/1732/1329 1731/1731/1328 1730/1730/1327
f 1731/1731/1328 1732/1732/1329 1725/1725/1322
f 1723/1723/1320 1725/1725/1322 1732/1732/1329
f 1733/1733/1330 1734/1734/1331 1735/1735/1332
f 1734/1734/1331 1733/1733/1330 1736/1736/1333
f 1737/1737/1334 1736/1736/1333 1733/1733/1330
f 1736/1736/1333 1737/1737/1334 1738/1738/1335
f 1739/1739/1336 1738/1738/1335 1737/1737/1334
f 1738/1738/1335 1739/1739/1336 1740/1740/1337
f 1741/1741/1338 1740/1740/1337 1739/1739/1336
f 1740/1740/1337 1741/1741/1338 1742/1742/1339
f 1743/1743/1340 1742/1742/1339 1741/1741/1338
f 1742/1742/1339 1743/1743/1340 1744/1744/1341
f 1745/1745/1342 1744/1744/1341 1743/1743/1340
f 1744/1744/1341 1745/1745/1342 1746/1746/1343
f 1747/1747/1344 1746/1746/1343 1745/1745/1342
f 1746/1746/1343 1747/1747/1344 1748/1748/1345
f 1640/1640/1237 1644/1644/1241 1642/1642/1239
f 1644/1644/1241 1640/1640/1237 1646/1646/1243
f 1749/1749/1346 1646/1646/1243 1640/1640/1237
f 1646/1646/1243 1749/1749/1346 1750/1750/1347
f 1751/1751/1348 1750/1750/1347 1749/1749/1346
f 1750/1750/1347 1751/1751/1348 1752/1752/1349
f 1753/1753/1350 1752/1752/1349 1751/1751/1348
f 1752/1752/1349 1753/1753/1350 1754/1754/1351
f 1755/1755/1352 1754/1754/1351 1753/1753/1350
f 1754/1754/1351 1755/1755/1352 1756/1756/1353
f 1757/1757/1354 1756/1756/1353 1755/1755/1352
f 1756/1756/1353 1757/1757/1354 1758/1758/1355
f 1759/1759/1356 1758/1758/1355 1757/1757/1354
f 1755/1755/1352 1760/1760/1357 1757/1757/1354
f 1760/1760/1357 1755/1755/1352 1761/1761/1358
f 1762/1762/1359 1761/1761/1358 1755/1755/1352
f 1761/1761/1358 1762/1762/1359 1763/1763/1360
f 1764/1764/1361 1763/1763/1360 1762/1762/1359
f 1763/1763/1360 1764/1764/1361 1765/1765/1362
f 1766/1766/1363 1765/1765/1362 1764/1764/1361
f 1765/1765/1362 1766/1766/1363 1767/1767/1364
f 1768/1768/1365 1767/1767/1364 1766/1766/1363
f 1767/1767/1364 1768/1768/1365 1769/1769/1366
f 1770/1770/1367 1769/1769/1366 1768/1768/1365
f 1769/1769/1366 1770/1770/1367 1771/1771/1368
f 1772/1772/1369 1771/1771/1368 1770/1770/1367
f 1773/1773/1370 1774/1774/1371 1775/1775/1372
f 1774/1774/1371 1773/1773/1370 1776/1776/1373
f 1777/1777/1374 1776/1776/1373 1773/1773/1370
f 1776/1776/1373 1777/1777/1374 1778/1778/1375
f 1779/1779/1376 1778/1778/1375 1777/1777/1374
f 1778/1778/1375 1779/1779/1376 1780/1780/1377
f 1781/1781/1378 1780/1780/1377 1779/1779/1376
f 1780/1780/1377 1781/1781/1378 1782/1782/1379
f 1783/1783/1380 1782/1782/1379 1781/1781/1378
f 1782/1782/1379 1783/1783/1380 1784/1784/1381
f 1785/1785/1382 1784/1784/1381 1783/1783/1380
f 1784/1784/1381 1785/1785/1382 1786/1786/1383
f 1787/1787/1384 1786/1786/1383 1785/1785/1382
f 1788/1788/1385 1789/1789/1386 1790/1790/1387
f 1789/1789/1386 1788/1788/1385 1791/1791/1388
f 1792/1792/1389 1791/1791/1388 1788/1788/1385
f 1791/1791/1388 1792/1792/1389 1793/1793/1390
f 1794/1794/1391 1793/1793/1390 1792/1792/1389
f 1793/1793/1390 1794/1794/1391 1795/1795/1392
f 1796/1796/1393 1795/1795/1392 1794/1794/1391
f 1795/1795/1392 1796/1796/1393 1797/1797/1394
f 1798/1798/1395 1797/1797/1394 1796/1796/1393
f 1797/1797/1394 1798/1798/1395 1799/1799/1396
f 1800/1800/1397 1799/1799/1396 1798/1798/1395
f 1799/1799/1396 1800/1800/1397 1801/1801/1398
f 1802/1802/1399 1803/1803/1400 1804/1804/1401
f 1803/1803/1400 1802/1802/1399 1805/1805/1402
f 1806/1806/1403 1805/1805/1402 1802/1802/1399
f 1805/1805/1402 1806/1806/1403 1807/1807/1404
f 1808/1808/1405 1807/1807/1404 1806/1806/1403
f 1807/1807/1404 1808/1808/1405 1809/1809/1406
f 1810/1810/1407 1809/1809/1406 1808/1808/1405
f 1809/1809/1406 1810/1810/1407 1811/1811/1408
f 1812/1812/1409 1811/1811/1408 1810/1810/1407
f 1811/1811/1408 1812/1812/1409 1813/1813/1410
f 1814/1814/1411 1813/1813/1410 1812/1812/1409
f 1813/1813/1410 1814/1814/1411 1815/1815/1412
f 1816/1816/1413 1817/1817/1414 1818/1818/1415
f 1817/1817/1414 1816/1816/1413 1819/1819/1416
f 1820/1820/1417 1819/1819/1416 1816/1816/1413
f 1819/1819/1416 1820/1820/1417 1821/1821/1418
f 1822/1822/1419 1821/1821/1418 1820/1820/1417
f 1821/1821/1418 1822/1822/1419 1823/1823/1420
f 1824/1824/1421 1823/1823/1420 1822/1822/1419
f 1823/1823/1420 1824/1824/1421 1825/1825/1422
f 1826/1826/1423 1825/1825/1422 1824/1824/1421
f 1825/1825/1422 1826/1826/1423 1827/1827/1424
f 1828/1828/1425 1827/1827/1424 1826/1826/1423
f 1827/1827/1424 1828/1828/1425 1829/1829/1426
f 1687/1687/1284 1683/1683/1280 1685/1685/1282
f 1683/1683/1280 1687/1687/1284 1830/1830/1427
f 1689/1689/1286 1830/1830/1427 1687/1687/1284
f 1830/1830/1427 1689/1689/1286 1831/1831/1428
f 1832/1832/1429 1831/1831/1428 1689/1689/1286
f 1831/1831/1428 1832/1832/1429 1833/1833/1430
f 1834/1834/1431 1833/1833/1430 1832/1832/1429
f 1833/1833/1430 1834/1834/1431 1835/1835/1432
f 1836/1836/1433 1835/1835/1432 1834/1834/1431
f 1835/1835/1432 1836/1836/1433 1676/1676/1273
f 1677/1677/1274 1676/1676/1273 1836/1836/1433
f 1837/1837/1434 1616/1616/1213 1618/1618/1215
f 1616/1616/1213 1837/1837/1434 1838/1838/1435
f 1839/1839/1436 1838/1838/1435 1837/1837/1434
f 1838/1838/1435 1839/1839/1436 1840/1840/1437
f 1841/1841/1438 1840/1840/1437 1839/1839/1436
f 1840/1840/1437 1841/1841/1438 1842/1842/1439
f 1843/1843/1440 1842/1842/1439 1841/1841/1438
f 1842/1842/1439 1843/1843/1440 1844/1844/1441
f 1845/1845/1442 1844/1844/1441 1843/1843/1440
f 1844/1844/1441 1845/1845/1442 1846/1846/1443
f 1847/1847/1444 1846/1846/1443 1845/1845/1442
f 1848/1848/1445 1849/1849/1446 1850/1850/1447
f 1849/1849/1446 1848/1848/1445 1851/1851/1448
f 1852/1852/1449 1851/1851/1448 1848/1848/1445
f 1851/1851/1448 1852/1852/1449 1853/1853/1450
f 1638/1638/1235 1853/1853/1450 1852/1852/1449
f 1853/1853/1450 1638/1638/1235 1854/1854/1451
f 1634/1634/1231 1854/1854/1451 1638/1638/1235
f 1854/1854/1451 1634/1634/1231 1855/1855/1452
f 1856/1856/1453 1855/1855/1452 1634/1634/1231
f 1855/1855/1452 1856/1856/1453 1851/1851/1448
f 1849/1849/1446 1851/1851/1448 1856/1856/1453
f 1857/1857/1454 1858/1858/1455 1859/1859/1456
f 1858/1858/1455 1857/1857/1454 1860/1860/1457
f 1861/1861/1458 1860/1860/1457 1857/1857/1454
f 1860/1860/1457 1861/1861/1458 1862/1862/1459
f 1863/1863/1460 1862/1862/1459 1861/1861/1458
f 1862/1862/1459 1863/1863/1460 1864/1864/1461
f 1865/1865/1462 1864/1864/1461 1863/1863/1460
f 1864/1864/1461 1865/1865/1462 1866/1866/1463
f 1867/1867/1464 1866/1866/1463 1865/1865/1462
f 1866/1866/1463 1867/1867/1464 1868/1868/1465
f 1711/1711/1308 1868/1868/1465 1867/1867/1464
f 1690/1690/1287 1869/1869/1466 1692/1692/1289
f 1869/1869/1466 1690/1690/1287 1870/1870/1467
f 1688/1688/1285 1870/1870/1467 1690/1690/1287
f 1870/1870/1467 1688/1688/1285 1871/1871/1468
f 1872/1872/1469 1871/1871/1468 1688/1688/1285
f 1871/1871/1468 1872/1872/1469 1873/1873/1470
f 1874/1874/1471 1873/1873/1470 1872/1872/1469
f 1873/1873/1470 1874/1874/1471 1875/1875/1472
f 1876/1876/1473 1875/1875/1472 1874/1874/1471
f 1875/1875/1472 1876/1876/1473 1877/1877/1474
f 1878/1878/1475 1879/1879/1476 1880/1880/1477
f 1879/1879/1476 1878/1878/1475 1881/1881/1478
f 1882/1882/1479 1881/1881/1478 1878/1878/1475
f 1881/1881/1478 1882/1882/1479 1883/1883/1480
f 1672/1672/1269 1883/1883/1480 1882/1882/1479
f 1883/1883/1480 1672/1672/1269 1884/1884/1481
f 1670/1670/1267 1884/1884/1481 1672/1672/1269
f 1884/1884/1481 1670/1670/1267 1885/1885/1482
f 1671/1671/1268 1885/1885/1482 1670/1670/1267
f 1885/1885/1482 1671/1671/1268 1886/1886/1483
f 1887/1887/1484 1784/1784/1381 1786/1786/1383
f 1784/1784/1381 1887/1887/1484 1782/1782/1379
f 1888/1888/1485 1782/1782/1379 1887/1887/1484
f 1782/1782/1379 1888/1888/1485 1780/1780/1377
f 1889/1889/1486 1780/1780/1377 1888/1888/1485
f 1780/1780/1377 1889/1889/1486 1890/1890/1487
f 1891/1891/1488 1890/1890/1487 1889/1889/1486
f 1890/1890/1487 1891/1891/1488 1892/1892/1489
f 1774/1774/1371 1892/1892/1489 1891/1891/1488
f 1892/1892/1489 1774/1774/1371 1776/1776/1373
f 1753/1753/1350 1762/1762/1359 1755/1755/1352
f 1762/1762/1359 1753/1753/1350 1893/1893/1490
f 1751/1751/1348 1893/1893/1490 1753/1753/1350
f 1893/1893/1490 1751/1751/1348 1766/1766/1363
f 1894/1894/1491 1766/1766/1363 1751/1751/1348
f 1766/1766/1363 1894/1894/1491 1895/1895/1492
f 1896/1896/1493 1895/1895/1492 1894/1894/1491
f 1895/1895/1492 1896/1896/1493 1897/1897/1494
f 1638/1638/1235 1897/1897/1494 1896/1896/1493
f 1897/1897/1494 1638/1638/1235 1852/1852/1449
f 1898/1898/1495 1669/1669/1266 1899/1899/1496
f 1669/1669/1266 1898/1898/1495 1667/1667/1264
f 1900/1900/1497 1667/1667/1264 1898/1898/1495
f 1667/1667/1264 1900/1900/1497 1665/1665/1262
f 1901/1901/1498 1665/1665/1262 1900/1900/1497
f 1665/1665/1262 1901/1901/1498 1663/1663/1260
f 1902/1902/1499 1663/1663/1260 1901/1901/1498
f 1663/1663/1260 1902/1902/1499 1661/1661/1258
f 1659/1659/1256 1661/1661/1258 1902/1902/1499
f 1750/1750/1347 1903/1903/1500 1646/1646/1243
f 1903/1903/1500 1750/1750/1347 1904/1904/1501
f 1752/1752/1349 1904/1904/1501 1750/1750/1347
f 1904/1904/1501 1752/1752/1349 1905/1905/1502
f 1906/1906/1503 1905/1905/1502 1752/1752/1349
f 1905/1905/1502 1906/1906/1503 1907/1907/1504
f 1908/1908/1505 1907/1907/1504 1906/1906/1503
f 1907/1907/1504 1908/1908/1505 1909/1909/1506
f 1910/1910/1507 1909/1909/1506 1908/1908/1505
f 1911/1911/1508 1836/1836/1433 1834/1834/1431
f 1836/1836/1433 1911/1911/1508 1912/1912/1509
f 1913/1913/1510 1912/1912/1509 1911/1911/1508
f 1912/1912/1509 1913/1913/1510 1914/1914/1511
f 1915/1915/1512 1914/1914/1511 1913/1913/1510
f 1914/1914/1511 1915/1915/1512 1916/1916/1513
f 1917/1917/1514 1916/1916/1513 1915/1915/1512
f 1916/1916/1513 1917/1917/1514 1629/1629/1226
f 1631/1631/1228 1629/1629/1226 1917/1917/1514
f 1918/1918/1515 1919/1919/1516 1920/1920/1517
f 1919/1919/1516 1918/1918/1515 1921/1921/1518
f 1922/1922/1519 1921/1921/1518 1918/1918/1515
f 1921/1921/1518 1922/1922/1519 1923/1923/1520
f 1924/1924/1521 1923/1923/1520 1922/1922/1519
f 1923/1923/1520 1924/1924/1521 1925/1925/1522
f 1926/1926/1523 1925/1925/1522 1924/1924/1521
f 1925/1925/1522 1926/1926/1523 1927/1927/1524
f 1928/1928/1525 1927/1927/1524 1926/1926/1523
f 1929/1929/1526 1792/1792/1389 1788/1788/1385
f 1792/1792/1389 1929/1929/1526 1930/1930/1527
f 1931/1931/1528 1930/1930/1527 1929/1929/1526
f 1930/1930/1527 1931/1931/1528 1932/1932/1529
f 1931/1931/1528 1933/1933/1530 1932/1932/1529
f 1932/1932/1529 1933/1933/1530 1934/1934/1531
f 1935/1935/1532 1934/1934/1531 1933/1933/1530
f 1934/1934/1531 1935/1935/1532 1798/1798/1395
f 1800/1800/1397 1798/1798/1395 1935/1935/1532
f 1936/1936/1533 1937/1937/1534 1938/1938/1535
f 1937/1937/1534 1936/1936/1533 1939/1939/1536
f 1940/1940/1537 1939/1939/1536 1936/1936/1533
f 1939/1939/1536 1940/1940/1537 1941/1941/1538
f 1942/1942/1539 1941/1941/1538 1940/1940/1537
f 1941/1941/1538 1942/1942/1539 1943/1943/1540
f 1944/1944/1541 1943/1943/1540 1942/1942/1539
f 1943/1943/1540 1944/1944/1541 1945/1945/1542
f 1946/1946/1543 1945/1945/1542 1944/1944/1541
f 1947/1947/1544 1820/1820/1417 1816/1816/1413
f 1820/1820/1417 1947/1947/1544 1948/1948/1545
f 1949/1949/1546 1948/1948/1545 1947/1947/1544
f 1948/1948/1545 1949/1949/1546 1950/1950/1547
f 1951/1951/1548 1950/1950/1547 1949/1949/1546
f 1950/1950/1547 1951/1951/1548 1952/1952/1549
f 1953/1953/1550 1952/1952/1549 1951/1951/1548
f 1952/1952/1549 1953/1953/1550 1826/1826/1423
f 1828/1828/1425 1826/1826/1423 1953/1953/1550
f 1954/1954/1551 1955/1955/1552 1956/1956/1553
f 1955/1955/1552 1954/1954/1551 1957/1957/1554
f 1958/1958/1555 1957/1957/1554 1954/1954/1551
f 1957/1957/1554 1958/1958/1555 1959/1959/1556
f 1960/1960/1557 1959/1959/1556 1958/1958/1555
f 1959/1959/1556 1960/1960/1557 1961/1961/1558
f 1962/1962/1559 1961/1961/1558 1960/1960/1557
f 1961/1961/1558 1962/1962/1559 1963/1963/1560
f 1964/1964/1561 1963/1963/1560 1962/1962/1559
f 1881/1881/1478 1965/1965/1562 1879/1879/1476
f 1965/1965/1562 1881/1881/1478 1876/1876/1473
f 1966/1966/1563 1876/1876/1473 1881/1881/1478
f 1876/1876/1473 1966/1966/1563 1967/1967/1564
f 1968/1968/1565 1967/1967/1564 1966/1966/1563
f 1967/1967/1564 1968/1968/1565 1969/1969/1566
f 1970/1970/1567 1969/1969/1566 1968/1968/1565
f 1969/1969/1566 1970/1970/1567 1885/1885/1482
f 1884/1884/1481 1885/1885/1482 1970/1970/1567
f 1962/1962/1559 1971/1971/1568 1964/1964/1561
f 1971/1971/1568 1962/1962/1559 1972/1972/1569
f 1973/1973/1570 1972/1972/1569 1962/1962/1559
f 1972/1972/1569 1973/1973/1570 1974/1974/1571
f 1975/1975/1572 1974/1974/1571 1973/1973/1570
f 1974/1974/1571 1975/1975/1572 1976/1976/1573
f 1977/1977/1574 1976/1976/1573 1975/1975/1572
f 1976/1976/1573 1977/1977/1574 1978/1978/1575
f 1979/1979/1576 1978/1978/1575 1977/1977/1574
f 1693/1693/1290 1834/1834/1431 1832/1832/1429
f 1834/1834/1431 1693/1693/1290 1911/1911/1508
f 1695/1695/1292 1911/1911/1508 1693/1693/1290
f 1911/1911/1508 1695/1695/1292 1913/1913/1510
f 1980/1980/1577 1913/1913/1510 1695/1695/1292
f 1913/1913/1510 1980/1980/1577 1981/1981/1578
f 1982/1982/1579 1981/1981/1578 1980/1980/1577
f 1981/1981/1578 1982/1982/1579 1730/1730/1327
f 1960/1960/1557 1973/1973/1570 1962/1962/1559
f 1973/1973/1570 1960/1960/1557 1983/1983/1580
f 1958/1958/1555 1983/1983/1580 1960/1960/1557
f 1983/1983/1580 1958/1958/1555 1984/1984/1581
f 1954/1954/1551 1984/1984/1581 1958/1958/1555
f 1984/1984/1581 1954/1954/1551 1985/1985/1582
f 1956/1956/1553 1985/1985/1582 1954/1954/1551
f 1985/1985/1582 1956/1956/1553 1979/1979/1576
f 1986/1986/1583 1987/1987/1584 1988/1988/1585
f 1987/1987/1584 1986/1986/1583 1989/1989/1586
f 1990/1990/1587 1989/1989/1586 1986/1986/1583
f 1989/1989/1586 1990/1990/1587 1991/1991/1588
f 1992/1992/1589 1991/1991/1588 1990/1990/1587
f 1991/1991/1588 1992/1992/1589 1993/1993/1590
f 1994/1994/1591 1993/1993/1590 1992/1992/1589
f 1993/1993/1590 1994/1994/1591 1706/1706/1303
f 1995/1995/1592 1996/1996/1593 1997/1997/1594
f 1996/1996/1593 1995/1995/1592 1998/1998/1595
f 1999/1999/1596 1998/1998/1595 1995/1995/1592
f 1998/1998/1595 1999/1999/1596 2000/2000/1597
f 2001/2001/1598 2000/2000/1597 1999/1999/1596
f 2000/2000/1597 2001/2001/1598 2002/2002/1599
f 2003/2003/1600 2002/2002/1599 2001/2001/1598
f 2002/2002/1599 2003/2003/1600 2004/2004/1601
f 1903/1903/1500 1648/1648/1245 1646/1646/1243
f 1648/1648/1245 1903/1903/1500 2005/2005/1602
f 2006/2006/1603 2005/2005/1602 1903/1903/1500
f 2005/2005/1602 2006/2006/1603 2007/2007/1604
f 1654/1654/1251 2007/2007/1604 2006/2006/1603
f 2007/2007/1604 1654/1654/1251 2008/2008/1605
f 1652/1652/1249 2008/2008/1605 1654/1654/1251
f 2008/2008/1605 1652/1652/1249 1650/1650/1247
f 1641/1641/1238 2009/2009/1606 1639/1639/1236
f 2009/2009/1606 1641/1641/1238 2010/2010/1607
f 2011/2011/1608 2010/2010/1607 1641/1641/1238
f 2010/2010/1607 2011/2011/1608 2012/2012/1609
f 1645/1645/1242 2012/2012/1609 2011/2011/1608
f 2012/2012/1609 1645/1645/1242 2013/2013/1610
f 1647/1647/1244 2013/2013/1610 1645/1645/1242
f 2013/2013/1610 1647/1647/1244 1649/1649/1246
f 2014/2014/1611 2003/2003/1600 2001/2001/1598
f 2003/2003/1600 2014/2014/1611 2015/2015/1612
f 2016/2016/1613 2015/2015/1612 2014/2014/1611
f 2015/2015/1612 2016/2016/1613 1760/1760/1357
f 2017/2017/1614 1760/1760/1357 2016/2016/1613
f 1760/1760/1357 2017/2017/1614 1757/1757/1354
f 1759/1759/1356 1757/1757/1354 2017/2017/1614
f 2018/2018/1615 1924/1924/1521 1922/1922/1519
f 1924/1924/1521 2018/2018/1615 2019/2019/1616
f 2020/2020/1617 2019/2019/1616 2018/2018/1615
f 2019/2019/1616 2020/2020/1617 2021/2021/1618
f 2022/2022/1619 2021/2021/1618 2020/2020/1617
f 2021/2021/1618 2022/2022/1619 2023/2023/1620
f 2024/2024/1621 2023/2023/1620 2022/2022/1619
f 2025/2025/1622 1707/1707/1304 1709/1709/1306
f 1707/1707/1304 2025/2025/1622 2026/2026/1623
f 2027/2027/1624 2026/2026/1623 2025/2025/1622
f 2026/2026/1623 2027/2027/1624 2028/2028/1625
f 1857/1857/1454 2028/2028/1625 2027/2027/1624
f 2028/2028/1625 1857/1857/1454 2029/2029/1626
f 1859/1859/1456 2029/2029/1626 1857/1857/1454
f 2030/2030/1627 1942/1942/1539 1940/1940/1537
f 1942/1942/1539 2030/2030/1627 2031/2031/1628
f 2032/2032/1629 2031/2031/1628 2030/2030/1627
f 2031/2031/1628 2032/2032/1629 2033/2033/1630
f 2034/2034/1631 2033/2033/1630 2032/2032/1629
f 2033/2033/1630 2034/2034/1631 2035/2035/1632
f 2036/2036/1633 2035/2035/1632 2034/2034/1631
f 2037/2037/1634 2038/2038/1635 2039/2039/1636
f 2038/2038/1635 2037/2037/1634 2040/2040/1637
f 2041/2041/1638 2040/2040/1637 2037/2037/1634
f 2040/2040/1637 2041/2041/1638 2042/2042/1639
f 1733/1733/1330 2042/2042/1639 2041/2041/1638
f 2042/2042/1639 1733/1733/1330 2043/2043/1640
f 1735/1735/1332 2043/2043/1640 1733/1733/1330
f 1763/1763/1360 2044/2044/1641 1761/1761/1358
f 2044/2044/1641 1763/1763/1360 2045/2045/1642
f 2046/2046/1643 2045/2045/1642 1763/1763/1360
f 2045/2045/1642 2046/2046/1643 2047/2047/1644
f 2048/2048/1645 2047/2047/1644 2046/2046/1643
f 2047/2047/1644 2048/2048/1645 2049/2049/1646
f 2050/2050/1647 2049/2049/1646 2048/2048/1645
f 2051/2051/1648 1887/1887/1484 2052/2052/1649
f 1887/1887/1484 2051/2051/1648 1888/1888/1485
f 2053/2053/1650 1888/1888/1485 2051/2051/1648
f 1888/1888/1485 2053/2053/1650 1889/1889/1486
f 2054/2054/1651 1889/1889/1486 2053/2053/1650
f 1889/1889/1486 2054/2054/1651 1891/1891/1488
f 2055/2055/1652 1891/1891/1488 2054/2054/1651
f 2056/2056/1653 1813/1813/1410 1815/1815/1412
f 1813/1813/1410 2056/2056/1653 2057/2057/1654
f 2058/2058/1655 2057/2057/1654 2056/2056/1653
f 2057/2057/1654 2058/2058/1655 2059/2059/1656
f 1804/1804/1401 2059/2059/1656 2058/2058/1655
f 2059/2059/1656 1804/1804/1401 1803/1803/1400
f 1864/1864/1461 2060/2060/1657 2061/2061/1658
f 2060/2060/1657 1864/1864/1461 2062/2062/1659
f 1866/1866/1463 2062/2062/1659 1864/1864/1461
f 2062/2062/1659 1866/1866/1463 2063/2063/1660
f 1868/1868/1465 2063/2063/1660 1866/1866/1463
f 2063/2063/1660 1868/1868/1465 1737/1737/1334
f 2064/2064/1661 2028/2028/1625 2029/2029/1626
f 2028/2028/1625 2064/2064/1661 2065/2065/1662
f 2066/2066/1663 2065/2065/1662 2064/2064/1661
f 2065/2065/1662 2066/2066/1663 2067/2067/1664
f 2068/2068/1665 2067/2067/1664 2066/2066/1663
f 2067/2067/1664 2068/2068/1665 1703/1703/1300
f 1621/1621/1218 2069/2069/1666 1623/1623/1220
f 2069/2069/1666 1621/1621/1218 2070/2070/1667
f 2071/2071/1668 2070/2070/1667 1621/1621/1218
f 2070/2070/1667 2071/2071/1668 2072/2072/1669
f 1617/1617/1214 2072/2072/1669 2071/2071/1668
f 2072/2072/1669 1617/1617/1214 1615/1615/1212
f 2073/2073/1670 1726/1726/1323 1724/1724/1321
f 1726/1726/1323 2073/2073/1670 1728/1728/1325
f 2074/2074/1671 1728/1728/1325 2073/2073/1670
f 1728/1728/1325 2074/2074/1671 2075/2075/1672
f 1633/1633/1230 2075/2075/1672 2074/2074/1671
f 2075/2075/1672 1633/1633/1230 1631/1631/1228
f 2022/2022/1619 2076/2076/1673 2024/2024/1621
f 2076/2076/1673 2022/2022/1619 2077/2077/1674
f 2020/2020/1617 2077/2077/1674 2022/2022/1619
f 2077/2077/1674 2020/2020/1617 2078/2078/1675
f 2018/2018/1615 2078/2078/1675 2020/2020/1617
f 2078/2078/1675 2018/2018/1615 1922/1922/1519
f 2079/2079/1676 1806/1806/1403 1802/1802/1399
f 1806/1806/1403 2079/2079/1676 2080/2080/1677
f 2081/2081/1678 2080/2080/1677 2079/2079/1676
f 2080/2080/1677 2081/2081/1678 2082/2082/1679
f 2083/2083/1680 2082/2082/1679 2081/2081/1678
f 2082/2082/1679 2083/2083/1680 2084/2084/1681
f 1779/1779/1376 2085/2085/1682 1781/1781/1378
f 2085/2085/1682 1779/1779/1376 2086/2086/1683
f 1777/1777/1374 2086/2086/1683 1779/1779/1376
f 2086/2086/1683 1777/1777/1374 2087/2087/1684
f 1773/1773/1370 2087/2087/1684 1777/1777/1374
f 2087/2087/1684 1773/1773/1370 2088/2088/1685
f 2089/2089/1686 1827/1827/1424 1829/1829/1426
f 1827/1827/1424 2089/2089/1686 2090/2090/1687
f 2091/2091/1688 2090/2090/1687 2089/2089/1686
f 2090/2090/1687 2091/2091/1688 2092/2092/1689
f 1818/1818/1415 2092/2092/1689 2091/2091/1688
f 2092/2092/1689 1818/1818/1415 1817/1817/1414
f 1614/1614/1211 2093/2093/1690 1846/1846/1443
f 2093/2093/1690 1614/1614/1211 2094/2094/1691
f 1840/1840/1437 2094/2094/1691 1614/1614/1211
f 2094/2094/1691 1840/1840/1437 2095/2095/1692
f 1842/1842/1439 2095/2095/1692 1840/1840/1437
f 2095/2095/1692 1842/1842/1439 1844/1844/1441
f 2096/2096/1693 1876/1876/1473 1967/1967/1564
f 1876/1876/1473 2096/2096/1693 1877/1877/1474
f 2097/2097/1694 1877/1877/1474 2096/2096/1693
f 1877/1877/1474 2097/2097/1694 2098/2098/1695
f 2099/2099/1696 2098/2098/1695 2097/2097/1694
f 2098/2098/1695 2099/2099/1696 2100/2100/1697
f 2101/2101/1698 1799/1799/1396 1801/1801/1398
f 1799/1799/1396 2101/2101/1698 2102/2102/1699
f 2103/2103/1700 2102/2102/1699 2101/2101/1698
f 2102/2102/1699 2103/2103/1700 2104/2104/1701
f 1790/1790/1387 2104/2104/1701 2103/2103/1700
f 2104/2104/1701 1790/1790/1387 1789/1789/1386
f 2105/2105/1702 1702/1702/1299 2106/2106/1703
f 1702/1702/1299 2105/2105/1702 1700/1700/1297
f 2107/2107/1704 1700/1700/1297 2105/2105/1702
f 1700/1700/1297 2107/2107/1704 1704/1704/1301
f 1991/1991/1588 1704/1704/1301 2107/2107/1704
f 1704/1704/1301 1991/1991/1588 1993/1993/1590
f 2108/2108/1705 1747/1747/1344 1986/1986/1583
f 1747/1747/1344 2108/2108/1705 1748/1748/1345
f 2109/2109/1706 1748/1748/1345 2108/2108/1705
f 1748/1748/1345 2109/2109/1706 2110/2110/1707
f 2111/2111/1708 2110/2110/1707 2109/2109/1706
f 2110/2110/1707 2111/2111/1708 2112/2112/1709
f 2034/2034/1631 2113/2113/1710 2036/2036/1633
f 2113/2113/1710 2034/2034/1631 2114/2114/1711
f 2032/2032/1629 2114/2114/1711 2034/2034/1631
f 2114/2114/1711 2032/2032/1629 2115/2115/1712
f 2030/2030/1627 2115/2115/1712 2032/2032/1629
f 2115/2115/1712 2030/2030/1627 1940/1940/1537
f 2116/2116/1713 2061/2061/1658 2117/2117/1714
f 2061/2061/1658 2116/2116/1713 1860/1860/1457
f 2118/2118/1715 1860/1860/1457 2116/2116/1713
f 1860/1860/1457 2118/2118/1715 1858/1858/1455
f 2119/2119/1716 1858/1858/1455 2118/2118/1715
f 1858/1858/1455 2119/2119/1716 1859/1859/1456
f 1992/1992/1589 2120/2120/1717 1994/1994/1591
f 2120/2120/1717 1992/1992/1589 2121/2121/1718
f 1747/1747/1344 2121/2121/1718 1992/1992/1589
f 2121/2121/1718 1747/1747/1344 2122/2122/1719
f 2123/2123/1720 2122/2122/1719 1747/1747/1344
f 2031/2031/1628 1944/1944/1541 1942/1942/1539
f 1944/1944/1541 2031/2031/1628 2124/2124/1721
f 2033/2033/1630 2124/2124/1721 2031/2031/1628
f 2124/2124/1721 2033/2033/1630 2125/2125/1722
f 2035/2035/1632 2125/2125/1722 2033/2033/1630
f 2046/2046/1643 1783/1783/1380 2048/2048/1645
f 1783/1783/1380 2046/2046/1643 2126/2126/1723
f 2127/2127/1724 2126/2126/1723 2046/2046/1643
f 2126/2126/1723 2127/2127/1724 1767/1767/1364
f 1765/1765/1362 1767/1767/1364 2127/2127/1724
f 2086/2086/1683 2128/2128/1725 2085/2085/1682
f 2128/2128/1725 2086/2086/1683 2129/2129/1726
f 2087/2087/1684 2129/2129/1726 2086/2086/1683
f 2129/2129/1726 2087/2087/1684 2130/2130/1727
f 2131/2131/1728 2130/2130/1727 2087/2087/1684
f 2019/2019/1616 1926/1926/1523 1924/1924/1521
f 1926/1926/1523 2019/2019/1616 2132/2132/1729
f 2021/2021/1618 2132/2132/1729 2019/2019/1616
f 2132/2132/1729 2021/2021/1618 2133/2133/1730
f 2023/2023/1620 2133/2133/1730 2021/2021/1618
f 1974/1974/1571 1971/1971/1568 1972/1972/1569
f 1971/1971/1568 1974/1974/1571 2134/2134/1731
f 1976/1976/1573 2134/2134/1731 1974/1974/1571
f 2134/2134/1731 1976/1976/1573 2135/2135/1732
f 1978/1978/1575 2135/2135/1732 1976/1976/1573
f 2082/2082/1679 1810/1810/1407 1808/1808/1405
f 1810/1810/1407 2082/2082/1679 2136/2136/1733
f 2084/2084/1681 2136/2136/1733 2082/2082/1679
f 2136/2136/1733 2084/2084/1681 1812/1812/1409
f 1814/1814/1411 1812/1812/1409 2084/2084/1681
f 1876/1876/1473 1682/1682/1279 1965/1965/1562
f 1682/1682/1279 1876/1876/1473 1680/1680/1277
f 1874/1874/1471 1680/1680/1277 1876/1876/1473
f 1680/1680/1277 1874/1874/1471 1684/1684/1281
f 1686/1686/1283 1684/1684/1281 1874/1874/1471
f 1694/1694/1291 2137/2137/1734 2138/2138/1735
f 2137/2137/1734 1694/1694/1291 2139/2139/1736
f 1692/1692/1289 2139/2139/1736 1694/1694/1291
f 2139/2139/1736 1692/1692/1289 2140/2140/1737
f 1869/1869/1466 2140/2140/1737 1692/1692/1289
f 2141/2141/1738 1902/1902/1499 1901/1901/1498
f 1902/1902/1499 2141/2141/1738 1659/1659/1256
f 2142/2142/1739 1659/1659/1256 2141/2141/1738
f 1659/1659/1256 2142/2142/1739 1657/1657/1254
f 1655/1655/1252 1657/1657/1254 2142/2142/1739
f 2143/2143/1740 1769/1769/1366 1771/1771/1368
f 1769/1769/1366 2143/2143/1740 2144/2144/1741
f 1787/1787/1384 2144/2144/1741 2143/2143/1740
f 2144/2144/1741 1787/1787/1384 1785/1785/1382
f 2145/2145/1742 1850/1850/1447 2146/2146/1743
f 1850/1850/1447 2145/2145/1742 1848/1848/1445
f 2147/2147/1744 1848/1848/1445 2145/2145/1742
f 1848/1848/1445 2147/2147/1744 1852/1852/1449
f 2148/2148/1745 2146/2146/1743 2149/2149/1746
f 2146/2146/1743 2148/2148/1745 2145/2145/1742
f 2150/2150/1747 2145/2145/1742 2148/2148/1745
f 2145/2145/1742 2150/2150/1747 2147/2147/1744
f 2057/2057/1654 1811/1811/1408 1813/1813/1410
f 1811/1811/1408 2057/2057/1654 2151/2151/1748
f 2059/2059/1656 2151/2151/1748 2057/2057/1654
f 2151/2151/1748 2059/2059/1656 1803/1803/1400
f 1807/1807/1404 1803/1803/1400 1805/1805/1402
f 1803/1803/1400 1807/1807/1404 2151/2151/1748
f 1809/1809/1406 2151/2151/1748 1807/1807/1404
f 2151/2151/1748 1809/1809/1406 1811/1811/1408
f 1959/1959/1556 1955/1955/1552 1957/1957/1554
f 1955/1955/1552 1959/1959/1556 2152/2152/1749
f 1961/1961/1558 2152/2152/1749 1959/1959/1556
f 2152/2152/1749 1961/1961/1558 1963/1963/1560
f 2045/2045/1642 2153/2153/1750 2044/2044/1641
f 2153/2153/1750 2045/2045/1642 2154/2154/1751
f 2047/2047/1644 2154/2154/1751 2045/2045/1642
f 2154/2154/1751 2047/2047/1644 2049/2049/1646
f 2155/2155/1752 2000/2000/1597 2156/2156/1753
f 2000/2000/1597 2155/2155/1752 1998/1998/1595
f 2157/2157/1754 1998/1998/1595 2155/2155/1752
f 1998/1998/1595 2157/2157/1754 1996/1996/1593
f 2087/2087/1684 2155/2155/1752 2156/2156/1753
f 2155/2155/1752 2087/2087/1684 2157/2157/1754
f 2088/2088/1685 2157/2157/1754 2087/2087/1684
f 2157/2157/1754 2088/2088/1685 1996/1996/1593
f 2006/2006/1603 1656/1656/1253 1654/1654/1251
f 1656/1656/1253 2006/2006/1603 1658/1658/1255
f 1905/1905/1502 1658/1658/1255 2006/2006/1603
f 1658/1658/1255 1905/1905/1502 1907/1907/1504
f 2015/2015/1612 2158/2158/1755 2003/2003/1600
f 2158/2158/1755 2015/2015/1612 2044/2044/1641
f 1760/1760/1357 2044/2044/1641 2015/2015/1612
f 2044/2044/1641 1760/1760/1357 1761/1761/1358
f 2102/2102/1699 1797/1797/1394 1799/1799/1396
f 1797/1797/1394 2102/2102/1699 2159/2159/1756
f 2104/2104/1701 2159/2159/1756 2102/2102/1699
f 2159/2159/1756 2104/2104/1701 1789/1789/1386
f 1793/1793/1390 1789/1789/1386 1791/1791/1388
f 1789/1789/1386 1793/1793/1390 2159/2159/1756
f 1795/1795/1392 2159/2159/1756 1793/1793/1390
f 2159/2159/1756 1795/1795/1392 1797/1797/1394
f 1936/1936/1533 2115/2115/1712 1940/1940/1537
f 2115/2115/1712 1936/1936/1533 2160/2160/1757
f 1938/1938/1535 2160/2160/1757 1936/1936/1533
f 2160/2160/1757 1938/1938/1535 2161/2161/1758
f 1941/1941/1538 1937/1937/1534 1939/1939/1536
f 1937/1937/1534 1941/1941/1538 2162/2162/1759
f 1943/1943/1540 2162/2162/1759 1941/1941/1538
f 2162/2162/1759 1943/1943/1540 1945/1945/1542
f 2163/2163/1760 1831/1831/1428 1674/1674/1271
f 1831/1831/1428 2163/2163/1760 2164/2164/1761
f 2165/2165/1762 2164/2164/1761 2163/2163/1760
f 2164/2164/1761 2165/2165/1762 1681/1681/1278
f 2090/2090/1687 1825/1825/1422 1827/1827/1424
f 1825/1825/1422 2090/2090/1687 2166/2166/1763
f 2092/2092/1689 2166/2166/1763 2090/2090/1687
f 2166/2166/1763 2092/2092/1689 1817/1817/1414
f 1821/1821/1418 1817/1817/1414 1819/1819/1416
f 1817/1817/1414 1821/1821/1418 2166/2166/1763
f 1823/1823/1420 2166/2166/1763 1821/1821/1418
f 2166/2166/1763 1823/1823/1420 1825/1825/1422
f 1918/1918/1515 2078/2078/1675 1922/1922/1519
f 2078/2078/1675 1918/1918/1515 2167/2167/1764
f 1920/1920/1517 2167/2167/1764 1918/1918/1515
f 2167/2167/1764 1920/1920/1517 2168/2168/1765
f 1923/1923/1520 1919/1919/1516 1921/1921/1518
f 1919/1919/1516 1923/1923/1520 2169/2169/1766
f 1925/1925/1522 2169/2169/1766 1923/1923/1520
f 2169/2169/1766 1925/1925/1522 1927/1927/1524
f 2170/2170/1767 1711/1711/1308 1713/1713/1310
f 1711/1711/1308 2170/2170/1767 1868/1868/1465
f 1739/1739/1336 1868/1868/1465 2170/2170/1767
f 1868/1868/1465 1739/1739/1336 1737/1737/1334
f 2144/2144/1741 1767/1767/1364 1769/1769/1366
f 1767/1767/1364 2144/2144/1741 2126/2126/1723
f 1785/1785/1382 2126/2126/1723 2144/2144/1741
f 2126/2126/1723 1785/1785/1382 1783/1783/1380
f 1896/1896/1493 1640/1640/1237 1638/1638/1235
f 1640/1640/1237 1896/1896/1493 1749/1749/1346
f 1894/1894/1491 1749/1749/1346 1896/1896/1493
f 1749/1749/1346 1894/1894/1491 1751/1751/1348
f 2171/2171/1768 1723/1723/1320 1732/1732/1329
f 1723/1723/1320 2171/2171/1768 1721/1721/1318
f 2172/2172/1769 1721/1721/1318 2171/2171/1768
f 1721/1721/1318 2172/2172/1769 1719/1719/1316
f 2173/2173/1770 2042/2042/1639 2043/2043/1640
f 2042/2042/1639 2173/2173/1770 2040/2040/1637
f 2174/2174/1771 2040/2040/1637 2173/2173/1770
f 2040/2040/1637 2174/2174/1771 2038/2038/1635
f 2107/2107/1704 1989/1989/1586 1991/1991/1588
f 1989/1989/1586 2107/2107/1704 2175/2175/1772
f 2105/2105/1702 2175/2175/1772 2107/2107/1704
f 2175/2175/1772 2105/2105/1702 1987/1987/1584
f 1626/1626/1223 2176/2176/1773 1624/1624/1221
f 2176/2176/1773 1626/1626/1223 2177/2177/1774
f 1628/1628/1225 2177/2177/1774 1626/1626/1223
f 2177/2177/1774 1628/1628/1225 1630/1630/1227
f 1873/1873/1470 2100/2100/1697 1871/1871/1468
f 2100/2100/1697 1873/1873/1470 2098/2098/1695
f 1875/1875/1472 2098/2098/1695 1873/1873/1470
f 2098/2098/1695 1875/1875/1472 1877/1877/1474
f 1744/1744/1341 2112/2112/1709 1742/1742/1339
f 2112/2112/1709 1744/1744/1341 2110/2110/1707
f 1746/1746/1343 2110/2110/1707 1744/1744/1341
f 2110/2110/1707 1746/1746/1343 1748/1748/1345
f 1852/1852/1449 1664/1664/1261 1772/1772/1369
f 1664/1664/1261 1852/1852/1449 1666/1666/1263
f 2147/2147/1744 1666/1666/1263 1852/1852/1449
f 1666/1666/1263 2147/2147/1744 1668/1668/1265
f 1846/1846/1443 1732/1732/1329 2178/2178/1775
f 1732/1732/1329 1846/1846/1443 2171/2171/1768
f 1847/1847/1444 2171/2171/1768 1846/1846/1443
f 2171/2171/1768 1847/1847/1444 2172/2172/1769
f 2179/2179/1776 2180/2180/1777 2181/2181/1778
f 2180/2180/1777 2179/2179/1776 2182/2182/1779
f 2183/2183/1780 2182/2182/1779 2179/2179/1776
f 2182/2182/1779 2183/2183/1780 1847/1847/1444
f 2158/2158/1755 2004/2004/1601 2003/2003/1600
f 2004/2004/1601 2158/2158/1755 2184/2184/1781
f 2185/2185/1782 2184/2184/1781 2158/2158/1755
f 2048/2048/1645 2085/2085/1682 2050/2050/1647
f 2085/2085/1682 2048/2048/1645 1781/1781/1378
f 1783/1783/1380 1781/1781/1378 2048/2048/1645
f 2062/2062/1659 2186/2186/1783 2060/2060/1657
f 2186/2186/1783 2062/2062/1659 2037/2037/1634
f 2041/2041/1638 2037/2037/1634 2062/2062/1659
f 1863/1863/1460 1867/1867/1464 1865/1865/1462
f 1867/1867/1464 1863/1863/1460 2025/2025/1622
f 2027/2027/1624 2025/2025/1622 1863/1863/1460
f 1745/1745/1342 2123/2123/1720 1747/1747/1344
f 2123/2123/1720 1745/1745/1342 2187/2187/1784
f 1717/1717/1314 2187/2187/1784 1745/1745/1342
f 2063/2063/1660 2041/2041/1638 2062/2062/1659
f 2041/2041/1638 2063/2063/1660 1733/1733/1330
f 1737/1737/1334 1733/1733/1330 2063/2063/1660
f 1697/1697/1294 1980/1980/1577 1695/1695/1292
f 1980/1980/1577 1697/1697/1294 1982/1982/1579
f 1699/1699/1296 1982/1982/1579 1697/1697/1294
f 1883/1883/1480 1966/1966/1563 1881/1881/1478
f 1966/1966/1563 1883/1883/1480 1968/1968/1565
f 1970/1970/1567 1968/1968/1565 1883/1883/1480
f 2188/2188/1785 2163/2163/1760 1674/1674/1271
f 2163/2163/1760 2188/2188/1785 2165/2165/1762
f 1880/1880/1477 2165/2165/1762 2188/2188/1785
f 2164/2164/1761 1830/1830/1427 1831/1831/1428
f 1830/1830/1427 2164/2164/1761 1683/1683/1280
f 1681/1681/1278 1683/1683/1280 2164/2164/1761
f 1895/1895/1492 1768/1768/1365 1766/1766/1363
f 1768/1768/1365 1895/1895/1492 1770/1770/1367
f 1897/1897/1494 1770/1770/1367 1895/1895/1492
f 1845/1845/1442 2182/2182/1779 1847/1847/1444
f 2182/2182/1779 1845/1845/1442 2189/2189/1786
f 1843/1843/1440 2189/2189/1786 1845/1845/1442
f 2156/2156/1753 2004/2004/1601 2190/2190/1787
f 2004/2004/1601 2156/2156/1753 2002/2002/1599
f 2000/2000/1597 2002/2002/1599 2156/2156/1753
f 2075/2075/1672 1730/1730/1327 1728/1728/1325
f 1730/1730/1327 2075/2075/1672 1917/1917/1514
f 1631/1631/1228 1917/1917/1514 2075/2075/1672
f 2187/2187/1784 1714/1714/1311 2123/2123/1720
f 1714/1714/1311 2187/2187/1784 1716/1716/1313
f 1717/1717/1314 1716/1716/1313 2187/2187/1784
f 2190/2190/1787 2185/2185/1782 2131/2131/1728
f 2185/2185/1782 2190/2190/1787 2184/2184/1781
f 2004/2004/1601 2184/2184/1781 2190/2190/1787
f 2153/2153/1750 2158/2158/1755 2044/2044/1641
f 2158/2158/1755 2153/2153/1750 2185/2185/1782
f 2154/2154/1751 2185/2185/1782 2153/2153/1750
f 2191/2191/1788 1708/1708/1305 2192/2192/1789
f 1708/1708/1305 2191/2191/1788 1710/1710/1307
f 1712/1712/1309 1710/1710/1307 2191/2191/1788
f 1703/1703/1300 2193/2193/1790 1701/1701/1298
f 2193/2193/1790 1703/1703/1300 2194/2194/1791
f 2068/2068/1665 2194/2194/1791 1703/1703/1300
f 1932/1932/1529 1796/1796/1393 1794/1794/1391
f 1796/1796/1393 1932/1932/1529 1934/1934/1531
f 1930/1930/1527 1794/1794/1391 1792/1792/1389
f 1794/1794/1391 1930/1930/1527 1932/1932/1529
f 1882/1882/1479 1673/1673/1270 1672/1672/1269
f 1673/1673/1270 1882/1882/1479 1878/1878/1475
f 1990/1990/1587 1747/1747/1344 1992/1992/1589
f 1747/1747/1344 1990/1990/1587 1986/1986/1583
f 1965/1965/1562 1681/1681/1278 2165/2165/1762
f 1681/1681/1278 1965/1965/1562 1682/1682/1279
f 2160/2160/1757 2114/2114/1711 2115/2115/1712
f 2114/2114/1711 2160/2160/1757 2161/2161/1758
f 1676/1676/1273 1833/1833/1430 1835/1835/1432
f 1833/1833/1430 1676/1676/1273 1675/1675/1272
f 2124/2124/1721 1946/1946/1543 1944/1944/1541
f 1946/1946/1543 2124/2124/1721 2125/2125/1722
f 1675/1675/1272 1831/1831/1428 1833/1833/1430
f 1831/1831/1428 1675/1675/1272 1674/1674/1271
f 1691/1691/1288 1832/1832/1429 1689/1689/1286
f 1832/1832/1429 1691/1691/1288 1693/1693/1290
f 1627/1627/1224 1916/1916/1513 1629/1629/1226
f 1916/1916/1513 1627/1627/1224 1625/1625/1222
f 1836/1836/1433 1678/1678/1275 1677/1677/1274
f 1678/1678/1275 1836/1836/1433 1912/1912/1509
f 1673/1673/1270 2188/2188/1785 1674/1674/1271
f 2188/2188/1785 1673/1673/1270 1878/1878/1475
f 2121/2121/1718 2195/2195/1792 2191/2191/1788
f 2195/2195/1792 2121/2121/1718 2122/2122/1719
f 2080/2080/1677 1808/1808/1405 1806/1806/1403
f 1808/1808/1405 2080/2080/1677 2082/2082/1679
f 2095/2095/1692 2093/2093/1690 2094/2094/1691
f 2093/2093/1690 2095/2095/1692 1844/1844/1441
f 2191/2191/1788 2120/2120/1717 2121/2121/1718
f 2120/2120/1717 2191/2191/1788 2192/2192/1789
f 1908/1908/1505 1756/1756/1353 1910/1910/1507
f 1756/1756/1353 1908/1908/1505 1906/1906/1503
f 2131/2131/1728 2156/2156/1753 2190/2190/1787
f 2156/2156/1753 2131/2131/1728 2087/2087/1684
f 1754/1754/1351 1906/1906/1503 1752/1752/1349
f 1906/1906/1503 1754/1754/1351 1756/1756/1353
f 2195/2195/1792 1712/1712/1309 2191/2191/1788
f 1712/1712/1309 2195/2195/1792 1714/1714/1311
f 2196/2196/1793 2154/2154/1751 2049/2049/1646
f 2154/2154/1751 2196/2196/1793 2185/2185/1782
f 1904/1904/1501 2006/2006/1603 1903/1903/1500
f 2006/2006/1603 1904/1904/1501 1905/1905/1502
f 2008/2008/1605 2005/2005/1602 2007/2007/1604
f 2005/2005/1602 2008/2008/1605 1650/1650/1247
f 2127/2127/1724 1763/1763/1360 1765/1765/1362
f 1763/1763/1360 2127/2127/1724 2046/2046/1643
f 1743/1743/1340 1717/1717/1314 1745/1745/1342
f 1717/1717/1314 1743/1743/1340 1741/1741/1338
f 1994/1994/1591 1708/1708/1305 1706/1706/1303
f 1708/1708/1305 1994/1994/1591 2192/2192/1789
f 1741/1741/1338 1715/1715/1312 1717/1717/1314
f 1715/1715/1312 1741/1741/1338 1739/1739/1336
f 1736/1736/1333 2197/2197/1794 1734/1734/1331
f 2197/2197/1794 1736/1736/1333 1738/1738/1335
f 1982/1982/1579 1732/1732/1329 1730/1730/1327
f 1732/1732/1329 1982/1982/1579 2178/2178/1775
f 1983/1983/1580 1975/1975/1572 1973/1973/1570
f 1975/1975/1572 1983/1983/1580 1984/1984/1581
f 1984/1984/1581 1977/1977/1574 1975/1975/1572
f 1977/1977/1574 1984/1984/1581 1985/1985/1582
f 1846/1846/1443 1612/1612/1209 1614/1614/1211
f 1612/1612/1209 1846/1846/1443 2178/2178/1775
f 2165/2165/1762 1879/1879/1476 1965/1965/1562
f 1879/1879/1476 2165/2165/1762 1880/1880/1477
f 2195/2195/1792 2123/2123/1720 1714/1714/1311
f 2123/2123/1720 2195/2195/1792 2122/2122/1719
f 2065/2065/1662 2026/2026/1623 2028/2028/1625
f 2026/2026/1623 2065/2065/1662 2067/2067/1664
f 1705/1705/1302 2067/2067/1664 1703/1703/1300
f 2067/2067/1664 1705/1705/1302 1707/1707/1304
f 2070/2070/1667 1615/1615/1212 2069/2069/1666
f 1615/1615/1212 2070/2070/1667 2072/2072/1669
f 1619/1619/1216 2071/2071/1668 1621/1621/1218
f 2071/2071/1668 1619/1619/1216 1617/1617/1214
f 1862/1862/1459 2061/2061/1658 1860/1860/1457
f 2061/2061/1658 1862/1862/1459 1864/1864/1461
f 1861/1861/1458 2027/2027/1624 1863/1863/1460
f 2027/2027/1624 1861/1861/1458 1857/1857/1454
f 1709/1709/1306 1867/1867/1464 2025/2025/1622
f 1867/1867/1464 1709/1709/1306 1711/1711/1308
f 1610/1610/1207 2178/2178/1775 2198/2198/1795
f 2178/2178/1775 1610/1610/1207 1612/1612/1209
f 2049/2049/1646 2128/2128/1725 2129/2129/1726
f 2128/2128/1725 2049/2049/1646 2050/2050/1647
f 1715/1715/1312 2170/2170/1767 1713/1713/1310
f 2170/2170/1767 1715/1715/1312 1739/1739/1336
f 1696/1696/1293 2138/2138/1735 1698/1698/1295
f 2138/2138/1735 1696/1696/1293 1694/1694/1291
f 2199/2199/1796 1756/1756/1353 1758/1758/1355
f 1756/1756/1353 2199/2199/1796 1910/1910/1507
f 2017/2017/1614 2200/2200/1797 1759/1759/1356
f 2200/2200/1797 2017/2017/1614 2016/2016/1613
f 1632/1632/1229 2177/2177/1774 1630/1630/1227
f 2177/2177/1774 1632/1632/1229 2176/2176/1773
f 1764/1764/1361 1893/1893/1490 1766/1766/1363
f 1893/1893/1490 1764/1764/1361 1762/1762/1359
f 1772/1772/1369 1897/1897/1494 1852/1852/1449
f 1897/1897/1494 1772/1772/1369 1770/1770/1367
f 1637/1637/1234 2009/2009/1606 1635/1635/1232
f 2009/2009/1606 1637/1637/1234 1639/1639/1236
f 1731/1731/1328 1727/1727/1324 1729/1729/1326
f 1727/1727/1324 1731/1731/1328 1725/1725/1322
f 1917/1917/1514 1981/1981/1578 1730/1730/1327
f 1981/1981/1578 1917/1917/1514 1915/1915/1512
f 2011/2011/1608 1643/1643/1240 1645/1645/1242
f 1643/1643/1240 2011/2011/1608 1641/1641/1238
f 1872/1872/1469 1686/1686/1283 1874/1874/1471
f 1686/1686/1283 1872/1872/1469 1688/1688/1285
f 1890/1890/1487 1778/1778/1375 1780/1780/1377
f 1778/1778/1375 1890/1890/1487 1892/1892/1489
f 1664/1664/1261 1907/1907/1504 1772/1772/1369
f 1907/1907/1504 1664/1664/1261 1658/1658/1255
f 2196/2196/1793 2131/2131/1728 2185/2185/1782
f 2131/2131/1728 2196/2196/1793 2130/2130/1727
f 1950/1950/1547 1824/1824/1421 1822/1822/1419
f 1824/1824/1421 1950/1950/1547 1952/1952/1549
f 1948/1948/1545 1822/1822/1419 1820/1820/1417
f 1822/1822/1419 1948/1948/1545 1950/1950/1547
f 2129/2129/1726 2196/2196/1793 2049/2049/1646
f 2196/2196/1793 2129/2129/1726 2130/2130/1727
f 1838/1838/1435 1614/1614/1211 1616/1616/1213
f 1614/1614/1211 1838/1838/1435 1840/1840/1437
f 1602/1602/1199 2201/2201/1798 1600/1600/1197
f 2201/2201/1798 1602/1602/1199 1604/1604/1201
f 1855/1855/1452 1853/1853/1450 1854/1854/1451
f 1853/1853/1450 1855/1855/1452 1851/1851/1448
f 2167/2167/1764 2077/2077/1674 2078/2078/1675
f 2077/2077/1674 2167/2167/1764 2168/2168/1765
f 1604/1604/1201 2202/2202/1799 2201/2201/1798
f 2202/2202/1799 1604/1604/1201 1606/1606/1203
f 1856/1856/1453 1636/1636/1233 1849/1849/1446
f 1636/1636/1233 1856/1856/1453 1634/1634/1231
f 1606/1606/1203 2203/2203/1800 2202/2202/1799
f 2203/2203/1800 1606/1606/1203 1608/1608/1205
f 2132/2132/1729 1928/1928/1525 1926/1926/1523
f 1928/1928/1525 2132/2132/1729 2133/2133/1730
f 1608/1608/1205 2198/2198/1795 2203/2203/1800
f 2198/2198/1795 1608/1608/1205 1610/1610/1207
f 1912/1912/1509 1679/1679/1276 1678/1678/1275
f 1679/1679/1276 1912/1912/1509 1914/1914/1511
f 1914/1914/1511 2069/2069/1666 1679/1679/1276
f 2069/2069/1666 1914/1914/1511 1916/1916/1513
f 1625/1625/1222 2069/2069/1666 1916/1916/1513
f 2069/2069/1666 1625/1625/1222 1623/1623/1220
f 1658/1658/1255 1662/1662/1259 1660/1660/1257
f 1662/1662/1259 1658/1658/1255 1664/1664/1261
f 1979/1979/1576 1977/1977/1574 1985/1985/1582
f 2085/2085/1682 2128/2128/1725 2050/2050/1647
f 1994/1994/1591 2120/2120/1717 2192/2192/1789
f 1993/1993/1590 1706/1706/1303 1704/1704/1301
f 1810/1810/1407 2136/2136/1733 1812/1812/1409
f 2111/2111/1708 2109/2109/1706 2204/2204/1801
f 1915/1915/1512 1913/1913/1510 1981/1981/1578
f 1778/1778/1375 1892/1892/1489 1776/1776/1373
f 2099/2099/1696 2097/2097/1694 2205/2205/1802
f 1989/1989/1586 2175/2175/1772 1987/1987/1584
f 1650/1650/1247 1648/1648/1245 2005/2005/1602
f 2206/2206/1803 1598/1598/1195 1600/1600/1197
f 1707/1707/1304 2026/2026/1623 2067/2067/1664
f 1796/1796/1393 1934/1934/1531 1798/1798/1395
f 2113/2113/1710 2114/2114/1711 2161/2161/1758
f 1967/1967/1564 1969/1969/1566 2207/2207/1804
f 2076/2076/1673 2077/2077/1674 2168/2168/1765
f 1884/1884/1481 1970/1970/1567 1883/1883/1480
f 2188/2188/1785 1878/1878/1475 1880/1880/1477
f 1824/1824/1421 1952/1952/1549 1826/1826/1423
f 2069/2069/1666 1615/1615/1212 1679/1679/1276
f 2093/2093/1690 1844/1844/1441 1846/1846/1443
f 2180/2180/1777 2182/2182/1779 2189/2189/1786
